2026-07-23 07:22:44.923 +07:00 [ERR] [AS400 Polling] Error reading schedule files.
System.IO.IOException: An unexpected network error occurred. : 'V:\UPH Support\Public\B2\Data\nhung\LEADTIME B2\GLUE LINE\GLUE FOAM 23072026.xlsx'
   at System.IO.RandomAccess.ReadAtOffset(SafeFileHandle handle, Span`1 buffer, Int64 fileOffset)
   at System.IO.Strategies.BufferedFileStreamStrategy.ReadSpan(Span`1 destination, ArraySegment`1 arraySegment)
   at System.IO.Compression.SubReadStream.Read(Byte[] buffer, Int32 offset, Int32 count)
   at System.IO.Compression.DeflateStream.ReadCore(Span`1 buffer)
   at System.IO.Compression.DeflateStream.Read(Byte[] buffer, Int32 offset, Int32 count)
   at System.IO.BufferedStream.Read(Byte[] buffer, Int32 offset, Int32 count)
   at System.Xml.XmlTextReaderImpl.ReadData()
   at System.Xml.XmlTextReaderImpl.ParseAttributeValueSlow(Int32 curPos, Char quoteChar, NodeData attr)
   at System.Xml.XmlTextReaderImpl.ParseAttributes()
   at System.Xml.XmlTextReaderImpl.ParseElement()
   at System.Xml.XmlTextReaderImpl.ParseElementContent()
   at ExcelDataReader.Core.OpenXmlFormat.XmlFormat.XmlWorksheetReader.ReadCell(Int32 nextColumnIndex, String nsSpreadsheetMl)
   at ExcelDataReader.Core.OpenXmlFormat.XmlFormat.XmlWorksheetReader.ReadOverride()+MoveNext()
   at ExcelDataReader.Core.OpenXmlFormat.XmlFormat.XmlRecordReader.Read()
   at ExcelDataReader.Core.OpenXmlFormat.XlsxWorksheet..ctor(ZipWorker document, XlsxWorkbook workbook, SheetRecord refSheet)
   at ExcelDataReader.Core.OpenXmlFormat.XlsxWorkbook.ReadWorksheets()+MoveNext()
   at ExcelDataReader.ExcelDataReader`2.ReadWorksheetsWithCache()+MoveNext()
   at ExcelDataReader.ExcelDataReader`2.Reset()
   at ExcelDataReader.ExcelReaderFactory.CreateReader(Stream fileStream, ExcelReaderConfiguration configuration)
   at As400ScanPollingService.PollOnceAsync(IServiceScope scope, CancellationToken token) in C:\Users\logtran\OneDrive - Ashley Furniture Industries, Inc\1. Project\logtran\1. Project\CI Project\4.OrderTrackingWeb\Program.cs:line 4502
2026-07-23 07:33:05.609 +07:00 [ERR] [AS400 Polling] Exception for WC UPGL2.
System.Threading.Tasks.TaskCanceledException: A task was canceled.
   at As400ScanPollingService.PollOnceAsync(IServiceScope scope, CancellationToken token) in C:\Users\logtran\OneDrive - Ashley Furniture Industries, Inc\1. Project\logtran\1. Project\CI Project\4.OrderTrackingWeb\Program.cs:line 4580
2026-07-23 07:47:16.728 +07:00 [ERR] Failed executing DbCommand (2ms) [Parameters=[@p0='?' (DbType = Int32), @p1='?' (DbType = DateTime), @p2='?' (DbType = DateTime), @p3='?' (DbType = DateTime), @p4='?' (DbType = Time), @p5='?' (DbType = Boolean), @p6='?' (Size = 4), @p7='?' (Size = 7), @p8='?' (Size = 7), @p9='?' (Size = 12), @p10='?' (DbType = DateTime), @p11='?' (DbType = Time), @p12='?' (Size = 9), @p13='?' (Size = 19), @p14='?' (Size = 7), @p15='?' (DbType = Int32), @p16='?' (Size = 9), @p17='?' (DbType = Int32), @p18='?' (DbType = DateTime)], CommandType='"Text"', CommandTimeout='30']
INSERT INTO "ToolChanges" ("ActualHours", "CreatedAt", "Date", "InstallDate", "InstallTime", "IsVersionIncrement", "MSS", "MachineName", "Material", "Reason", "ReplaceDate", "ReplaceTime", "Shift", "Supervisor", "Supplier", "ToolPosition", "ToolType", "ToolVersion", "UpdatedAt")
VALUES (@p0, @p1, @p2, @p3, @p4, @p5, @p6, @p7, @p8, @p9, @p10, @p11, @p12, @p13, @p14, @p15, @p16, @p17, @p18)
RETURNING "Id";
2026-07-23 07:47:16.789 +07:00 [ERR] An exception occurred in the database while saving changes for context type 'ToolManagementDbContext'.
Microsoft.EntityFrameworkCore.DbUpdateException: An error occurred while saving the entity changes. See the inner exception for details.
 ---> Microsoft.Data.Sqlite.SqliteException (0x80004005): SQLite Error 1: 'table ToolChanges has no column named Supplier'.
   at Microsoft.Data.Sqlite.SqliteCommand.PrepareAndEnumerateStatements()+MoveNext()
   at Microsoft.Data.Sqlite.SqliteCommand.GetStatements()+MoveNext()
   at Microsoft.Data.Sqlite.SqliteDataReader.NextResult()
   at Microsoft.Data.Sqlite.SqliteCommand.ExecuteReader(CommandBehavior behavior)
   at Microsoft.Data.Sqlite.SqliteCommand.ExecuteDbDataReaderAsync(CommandBehavior behavior, CancellationToken cancellationToken)
   at Microsoft.EntityFrameworkCore.Storage.RelationalCommand.ExecuteReaderAsync(RelationalCommandParameterObject parameterObject, CancellationToken cancellationToken)
   at Microsoft.EntityFrameworkCore.Storage.RelationalCommand.ExecuteReaderAsync(RelationalCommandParameterObject parameterObject, CancellationToken cancellationToken)
   at Microsoft.EntityFrameworkCore.Update.ReaderModificationCommandBatch.ExecuteAsync(IRelationalConnection connection, CancellationToken cancellationToken)
   --- End of inner exception stack trace ---
   at Microsoft.EntityFrameworkCore.Update.ReaderModificationCommandBatch.ExecuteAsync(IRelationalConnection connection, CancellationToken cancellationToken)
   at Microsoft.EntityFrameworkCore.Update.Internal.BatchExecutor.ExecuteAsync(IEnumerable`1 commandBatches, IRelationalConnection connection, CancellationToken cancellationToken)
   at Microsoft.EntityFrameworkCore.Update.Internal.BatchExecutor.ExecuteAsync(IEnumerable`1 commandBatches, IRelationalConnection connection, CancellationToken cancellationToken)
   at Microsoft.EntityFrameworkCore.Update.Internal.BatchExecutor.ExecuteAsync(IEnumerable`1 commandBatches, IRelationalConnection connection, CancellationToken cancellationToken)
   at Microsoft.EntityFrameworkCore.ChangeTracking.Internal.StateManager.SaveChangesAsync(IList`1 entriesToSave, CancellationToken cancellationToken)
   at Microsoft.EntityFrameworkCore.ChangeTracking.Internal.StateManager.SaveChangesAsync(StateManager stateManager, Boolean acceptAllChangesOnSuccess, CancellationToken cancellationToken)
   at Microsoft.EntityFrameworkCore.DbContext.SaveChangesAsync(Boolean acceptAllChangesOnSuccess, CancellationToken cancellationToken)
Microsoft.EntityFrameworkCore.DbUpdateException: An error occurred while saving the entity changes. See the inner exception for details.
 ---> Microsoft.Data.Sqlite.SqliteException (0x80004005): SQLite Error 1: 'table ToolChanges has no column named Supplier'.
   at Microsoft.Data.Sqlite.SqliteCommand.PrepareAndEnumerateStatements()+MoveNext()
   at Microsoft.Data.Sqlite.SqliteCommand.GetStatements()+MoveNext()
   at Microsoft.Data.Sqlite.SqliteDataReader.NextResult()
   at Microsoft.Data.Sqlite.SqliteCommand.ExecuteReader(CommandBehavior behavior)
   at Microsoft.Data.Sqlite.SqliteCommand.ExecuteDbDataReaderAsync(CommandBehavior behavior, CancellationToken cancellationToken)
   at Microsoft.EntityFrameworkCore.Storage.RelationalCommand.ExecuteReaderAsync(RelationalCommandParameterObject parameterObject, CancellationToken cancellationToken)
   at Microsoft.EntityFrameworkCore.Storage.RelationalCommand.ExecuteReaderAsync(RelationalCommandParameterObject parameterObject, CancellationToken cancellationToken)
   at Microsoft.EntityFrameworkCore.Update.ReaderModificationCommandBatch.ExecuteAsync(IRelationalConnection connection, CancellationToken cancellationToken)
   --- End of inner exception stack trace ---
   at Microsoft.EntityFrameworkCore.Update.ReaderModificationCommandBatch.ExecuteAsync(IRelationalConnection connection, CancellationToken cancellationToken)
   at Microsoft.EntityFrameworkCore.Update.Internal.BatchExecutor.ExecuteAsync(IEnumerable`1 commandBatches, IRelationalConnection connection, CancellationToken cancellationToken)
   at Microsoft.EntityFrameworkCore.Update.Internal.BatchExecutor.ExecuteAsync(IEnumerable`1 commandBatches, IRelationalConnection connection, CancellationToken cancellationToken)
   at Microsoft.EntityFrameworkCore.Update.Internal.BatchExecutor.ExecuteAsync(IEnumerable`1 commandBatches, IRelationalConnection connection, CancellationToken cancellationToken)
   at Microsoft.EntityFrameworkCore.ChangeTracking.Internal.StateManager.SaveChangesAsync(IList`1 entriesToSave, CancellationToken cancellationToken)
   at Microsoft.EntityFrameworkCore.ChangeTracking.Internal.StateManager.SaveChangesAsync(StateManager stateManager, Boolean acceptAllChangesOnSuccess, CancellationToken cancellationToken)
   at Microsoft.EntityFrameworkCore.DbContext.SaveChangesAsync(Boolean acceptAllChangesOnSuccess, CancellationToken cancellationToken)
2026-07-23 07:47:16.827 +07:00 [ERR] Failed executing DbCommand (0ms) [Parameters=[@p0='?' (DbType = Int32), @p1='?' (DbType = DateTime), @p2='?' (DbType = DateTime), @p3='?' (DbType = DateTime), @p4='?' (DbType = Time), @p5='?' (DbType = Boolean), @p6='?' (Size = 4), @p7='?' (Size = 7), @p8='?' (Size = 7), @p9='?' (Size = 12), @p10='?' (DbType = DateTime), @p11='?' (DbType = Time), @p12='?' (Size = 9), @p13='?' (Size = 19), @p14='?' (Size = 7), @p15='?' (DbType = Int32), @p16='?' (Size = 9), @p17='?' (DbType = Int32), @p18='?' (DbType = DateTime)], CommandType='"Text"', CommandTimeout='30']
INSERT INTO "ToolChanges" ("ActualHours", "CreatedAt", "Date", "InstallDate", "InstallTime", "IsVersionIncrement", "MSS", "MachineName", "Material", "Reason", "ReplaceDate", "ReplaceTime", "Shift", "Supervisor", "Supplier", "ToolPosition", "ToolType", "ToolVersion", "UpdatedAt")
VALUES (@p0, @p1, @p2, @p3, @p4, @p5, @p6, @p7, @p8, @p9, @p10, @p11, @p12, @p13, @p14, @p15, @p16, @p17, @p18)
RETURNING "Id";
2026-07-23 07:47:16.832 +07:00 [ERR] An exception occurred in the database while saving changes for context type 'ToolManagementDbContext'.
Microsoft.EntityFrameworkCore.DbUpdateException: An error occurred while saving the entity changes. See the inner exception for details.
 ---> Microsoft.Data.Sqlite.SqliteException (0x80004005): SQLite Error 1: 'table ToolChanges has no column named Supplier'.
   at Microsoft.Data.Sqlite.SqliteCommand.PrepareAndEnumerateStatements()+MoveNext()
   at Microsoft.Data.Sqlite.SqliteCommand.GetStatements()+MoveNext()
   at Microsoft.Data.Sqlite.SqliteDataReader.NextResult()
   at Microsoft.Data.Sqlite.SqliteCommand.ExecuteReader(CommandBehavior behavior)
   at Microsoft.Data.Sqlite.SqliteCommand.ExecuteDbDataReaderAsync(CommandBehavior behavior, CancellationToken cancellationToken)
   at Microsoft.EntityFrameworkCore.Storage.RelationalCommand.ExecuteReaderAsync(RelationalCommandParameterObject parameterObject, CancellationToken cancellationToken)
   at Microsoft.EntityFrameworkCore.Storage.RelationalCommand.ExecuteReaderAsync(RelationalCommandParameterObject parameterObject, CancellationToken cancellationToken)
   at Microsoft.EntityFrameworkCore.Update.ReaderModificationCommandBatch.ExecuteAsync(IRelationalConnection connection, CancellationToken cancellationToken)
   --- End of inner exception stack trace ---
   at Microsoft.EntityFrameworkCore.Update.ReaderModificationCommandBatch.ExecuteAsync(IRelationalConnection connection, CancellationToken cancellationToken)
   at Microsoft.EntityFrameworkCore.Update.Internal.BatchExecutor.ExecuteAsync(IEnumerable`1 commandBatches, IRelationalConnection connection, CancellationToken cancellationToken)
   at Microsoft.EntityFrameworkCore.Update.Internal.BatchExecutor.ExecuteAsync(IEnumerable`1 commandBatches, IRelationalConnection connection, CancellationToken cancellationToken)
   at Microsoft.EntityFrameworkCore.Update.Internal.BatchExecutor.ExecuteAsync(IEnumerable`1 commandBatches, IRelationalConnection connection, CancellationToken cancellationToken)
   at Microsoft.EntityFrameworkCore.ChangeTracking.Internal.StateManager.SaveChangesAsync(IList`1 entriesToSave, CancellationToken cancellationToken)
   at Microsoft.EntityFrameworkCore.ChangeTracking.Internal.StateManager.SaveChangesAsync(StateManager stateManager, Boolean acceptAllChangesOnSuccess, CancellationToken cancellationToken)
   at Microsoft.EntityFrameworkCore.DbContext.SaveChangesAsync(Boolean acceptAllChangesOnSuccess, CancellationToken cancellationToken)
Microsoft.EntityFrameworkCore.DbUpdateException: An error occurred while saving the entity changes. See the inner exception for details.
 ---> Microsoft.Data.Sqlite.SqliteException (0x80004005): SQLite Error 1: 'table ToolChanges has no column named Supplier'.
   at Microsoft.Data.Sqlite.SqliteCommand.PrepareAndEnumerateStatements()+MoveNext()
   at Microsoft.Data.Sqlite.SqliteCommand.GetStatements()+MoveNext()
   at Microsoft.Data.Sqlite.SqliteDataReader.NextResult()
   at Microsoft.Data.Sqlite.SqliteCommand.ExecuteReader(CommandBehavior behavior)
   at Microsoft.Data.Sqlite.SqliteCommand.ExecuteDbDataReaderAsync(CommandBehavior behavior, CancellationToken cancellationToken)
   at Microsoft.EntityFrameworkCore.Storage.RelationalCommand.ExecuteReaderAsync(RelationalCommandParameterObject parameterObject, CancellationToken cancellationToken)
   at Microsoft.EntityFrameworkCore.Storage.RelationalCommand.ExecuteReaderAsync(RelationalCommandParameterObject parameterObject, CancellationToken cancellationToken)
   at Microsoft.EntityFrameworkCore.Update.ReaderModificationCommandBatch.ExecuteAsync(IRelationalConnection connection, CancellationToken cancellationToken)
   --- End of inner exception stack trace ---
   at Microsoft.EntityFrameworkCore.Update.ReaderModificationCommandBatch.ExecuteAsync(IRelationalConnection connection, CancellationToken cancellationToken)
   at Microsoft.EntityFrameworkCore.Update.Internal.BatchExecutor.ExecuteAsync(IEnumerable`1 commandBatches, IRelationalConnection connection, CancellationToken cancellationToken)
   at Microsoft.EntityFrameworkCore.Update.Internal.BatchExecutor.ExecuteAsync(IEnumerable`1 commandBatches, IRelationalConnection connection, CancellationToken cancellationToken)
   at Microsoft.EntityFrameworkCore.Update.Internal.BatchExecutor.ExecuteAsync(IEnumerable`1 commandBatches, IRelationalConnection connection, CancellationToken cancellationToken)
   at Microsoft.EntityFrameworkCore.ChangeTracking.Internal.StateManager.SaveChangesAsync(IList`1 entriesToSave, CancellationToken cancellationToken)
   at Microsoft.EntityFrameworkCore.ChangeTracking.Internal.StateManager.SaveChangesAsync(StateManager stateManager, Boolean acceptAllChangesOnSuccess, CancellationToken cancellationToken)
   at Microsoft.EntityFrameworkCore.DbContext.SaveChangesAsync(Boolean acceptAllChangesOnSuccess, CancellationToken cancellationToken)
2026-07-23 07:47:16.845 +07:00 [ERR] Failed executing DbCommand (0ms) [Parameters=[@p0='?' (DbType = Int32), @p1='?' (DbType = DateTime), @p2='?' (DbType = DateTime), @p3='?' (DbType = DateTime), @p4='?' (DbType = Time), @p5='?' (DbType = Boolean), @p6='?' (Size = 4), @p7='?' (Size = 7), @p8='?' (Size = 7), @p9='?' (Size = 12), @p10='?' (DbType = DateTime), @p11='?' (DbType = Time), @p12='?' (Size = 9), @p13='?' (Size = 19), @p14='?', @p15='?' (DbType = Int32), @p16='?' (Size = 3), @p17='?' (DbType = Int32), @p18='?' (DbType = DateTime)], CommandType='"Text"', CommandTimeout='30']
INSERT INTO "ToolChanges" ("ActualHours", "CreatedAt", "Date", "InstallDate", "InstallTime", "IsVersionIncrement", "MSS", "MachineName", "Material", "Reason", "ReplaceDate", "ReplaceTime", "Shift", "Supervisor", "Supplier", "ToolPosition", "ToolType", "ToolVersion", "UpdatedAt")
VALUES (@p0, @p1, @p2, @p3, @p4, @p5, @p6, @p7, @p8, @p9, @p10, @p11, @p12, @p13, @p14, @p15, @p16, @p17, @p18)
RETURNING "Id";
2026-07-23 07:47:16.849 +07:00 [ERR] An exception occurred in the database while saving changes for context type 'ToolManagementDbContext'.
Microsoft.EntityFrameworkCore.DbUpdateException: An error occurred while saving the entity changes. See the inner exception for details.
 ---> Microsoft.Data.Sqlite.SqliteException (0x80004005): SQLite Error 1: 'table ToolChanges has no column named Supplier'.
   at Microsoft.Data.Sqlite.SqliteCommand.PrepareAndEnumerateStatements()+MoveNext()
   at Microsoft.Data.Sqlite.SqliteCommand.GetStatements()+MoveNext()
   at Microsoft.Data.Sqlite.SqliteDataReader.NextResult()
   at Microsoft.Data.Sqlite.SqliteCommand.ExecuteReader(CommandBehavior behavior)
   at Microsoft.Data.Sqlite.SqliteCommand.ExecuteDbDataReaderAsync(CommandBehavior behavior, CancellationToken cancellationToken)
   at Microsoft.EntityFrameworkCore.Storage.RelationalCommand.ExecuteReaderAsync(RelationalCommandParameterObject parameterObject, CancellationToken cancellationToken)
   at Microsoft.EntityFrameworkCore.Storage.RelationalCommand.ExecuteReaderAsync(RelationalCommandParameterObject parameterObject, CancellationToken cancellationToken)
   at Microsoft.EntityFrameworkCore.Update.ReaderModificationCommandBatch.ExecuteAsync(IRelationalConnection connection, CancellationToken cancellationToken)
   --- End of inner exception stack trace ---
   at Microsoft.EntityFrameworkCore.Update.ReaderModificationCommandBatch.ExecuteAsync(IRelationalConnection connection, CancellationToken cancellationToken)
   at Microsoft.EntityFrameworkCore.Update.Internal.BatchExecutor.ExecuteAsync(IEnumerable`1 commandBatches, IRelationalConnection connection, CancellationToken cancellationToken)
   at Microsoft.EntityFrameworkCore.Update.Internal.BatchExecutor.ExecuteAsync(IEnumerable`1 commandBatches, IRelationalConnection connection, CancellationToken cancellationToken)
   at Microsoft.EntityFrameworkCore.Update.Internal.BatchExecutor.ExecuteAsync(IEnumerable`1 commandBatches, IRelationalConnection connection, CancellationToken cancellationToken)
   at Microsoft.EntityFrameworkCore.ChangeTracking.Internal.StateManager.SaveChangesAsync(IList`1 entriesToSave, CancellationToken cancellationToken)
   at Microsoft.EntityFrameworkCore.ChangeTracking.Internal.StateManager.SaveChangesAsync(StateManager stateManager, Boolean acceptAllChangesOnSuccess, CancellationToken cancellationToken)
   at Microsoft.EntityFrameworkCore.DbContext.SaveChangesAsync(Boolean acceptAllChangesOnSuccess, CancellationToken cancellationToken)
Microsoft.EntityFrameworkCore.DbUpdateException: An error occurred while saving the entity changes. See the inner exception for details.
 ---> Microsoft.Data.Sqlite.SqliteException (0x80004005): SQLite Error 1: 'table ToolChanges has no column named Supplier'.
   at Microsoft.Data.Sqlite.SqliteCommand.PrepareAndEnumerateStatements()+MoveNext()
   at Microsoft.Data.Sqlite.SqliteCommand.GetStatements()+MoveNext()
   at Microsoft.Data.Sqlite.SqliteDataReader.NextResult()
   at Microsoft.Data.Sqlite.SqliteCommand.ExecuteReader(CommandBehavior behavior)
   at Microsoft.Data.Sqlite.SqliteCommand.ExecuteDbDataReaderAsync(CommandBehavior behavior, CancellationToken cancellationToken)
   at Microsoft.EntityFrameworkCore.Storage.RelationalCommand.ExecuteReaderAsync(RelationalCommandParameterObject parameterObject, CancellationToken cancellationToken)
   at Microsoft.EntityFrameworkCore.Storage.RelationalCommand.ExecuteReaderAsync(RelationalCommandParameterObject parameterObject, CancellationToken cancellationToken)
   at Microsoft.EntityFrameworkCore.Update.ReaderModificationCommandBatch.ExecuteAsync(IRelationalConnection connection, CancellationToken cancellationToken)
   --- End of inner exception stack trace ---
   at Microsoft.EntityFrameworkCore.Update.ReaderModificationCommandBatch.ExecuteAsync(IRelationalConnection connection, CancellationToken cancellationToken)
   at Microsoft.EntityFrameworkCore.Update.Internal.BatchExecutor.ExecuteAsync(IEnumerable`1 commandBatches, IRelationalConnection connection, CancellationToken cancellationToken)
   at Microsoft.EntityFrameworkCore.Update.Internal.BatchExecutor.ExecuteAsync(IEnumerable`1 commandBatches, IRelationalConnection connection, CancellationToken cancellationToken)
   at Microsoft.EntityFrameworkCore.Update.Internal.BatchExecutor.ExecuteAsync(IEnumerable`1 commandBatches, IRelationalConnection connection, CancellationToken cancellationToken)
   at Microsoft.EntityFrameworkCore.ChangeTracking.Internal.StateManager.SaveChangesAsync(IList`1 entriesToSave, CancellationToken cancellationToken)
   at Microsoft.EntityFrameworkCore.ChangeTracking.Internal.StateManager.SaveChangesAsync(StateManager stateManager, Boolean acceptAllChangesOnSuccess, CancellationToken cancellationToken)
   at Microsoft.EntityFrameworkCore.DbContext.SaveChangesAsync(Boolean acceptAllChangesOnSuccess, CancellationToken cancellationToken)
2026-07-23 07:47:16.860 +07:00 [ERR] Failed executing DbCommand (0ms) [Parameters=[@p0='?' (DbType = Int32), @p1='?' (DbType = DateTime), @p2='?' (DbType = DateTime), @p3='?' (DbType = DateTime), @p4='?' (DbType = Time), @p5='?' (DbType = Boolean), @p6='?' (Size = 4), @p7='?' (Size = 7), @p8='?' (Size = 7), @p9='?' (Size = 12), @p10='?' (DbType = DateTime), @p11='?' (DbType = Time), @p12='?' (Size = 9), @p13='?' (Size = 19), @p14='?', @p15='?' (DbType = Int32), @p16='?' (Size = 3), @p17='?' (DbType = Int32), @p18='?' (DbType = DateTime)], CommandType='"Text"', CommandTimeout='30']
INSERT INTO "ToolChanges" ("ActualHours", "CreatedAt", "Date", "InstallDate", "InstallTime", "IsVersionIncrement", "MSS", "MachineName", "Material", "Reason", "ReplaceDate", "ReplaceTime", "Shift", "Supervisor", "Supplier", "ToolPosition", "ToolType", "ToolVersion", "UpdatedAt")
VALUES (@p0, @p1, @p2, @p3, @p4, @p5, @p6, @p7, @p8, @p9, @p10, @p11, @p12, @p13, @p14, @p15, @p16, @p17, @p18)
RETURNING "Id";
2026-07-23 07:47:16.863 +07:00 [ERR] An exception occurred in the database while saving changes for context type 'ToolManagementDbContext'.
Microsoft.EntityFrameworkCore.DbUpdateException: An error occurred while saving the entity changes. See the inner exception for details.
 ---> Microsoft.Data.Sqlite.SqliteException (0x80004005): SQLite Error 1: 'table ToolChanges has no column named Supplier'.
   at Microsoft.Data.Sqlite.SqliteCommand.PrepareAndEnumerateStatements()+MoveNext()
   at Microsoft.Data.Sqlite.SqliteCommand.GetStatements()+MoveNext()
   at Microsoft.Data.Sqlite.SqliteDataReader.NextResult()
   at Microsoft.Data.Sqlite.SqliteCommand.ExecuteReader(CommandBehavior behavior)
   at Microsoft.Data.Sqlite.SqliteCommand.ExecuteDbDataReaderAsync(CommandBehavior behavior, CancellationToken cancellationToken)
   at Microsoft.EntityFrameworkCore.Storage.RelationalCommand.ExecuteReaderAsync(RelationalCommandParameterObject parameterObject, CancellationToken cancellationToken)
   at Microsoft.EntityFrameworkCore.Storage.RelationalCommand.ExecuteReaderAsync(RelationalCommandParameterObject parameterObject, CancellationToken cancellationToken)
   at Microsoft.EntityFrameworkCore.Update.ReaderModificationCommandBatch.ExecuteAsync(IRelationalConnection connection, CancellationToken cancellationToken)
   --- End of inner exception stack trace ---
   at Microsoft.EntityFrameworkCore.Update.ReaderModificationCommandBatch.ExecuteAsync(IRelationalConnection connection, CancellationToken cancellationToken)
   at Microsoft.EntityFrameworkCore.Update.Internal.BatchExecutor.ExecuteAsync(IEnumerable`1 commandBatches, IRelationalConnection connection, CancellationToken cancellationToken)
   at Microsoft.EntityFrameworkCore.Update.Internal.BatchExecutor.ExecuteAsync(IEnumerable`1 commandBatches, IRelationalConnection connection, CancellationToken cancellationToken)
   at Microsoft.EntityFrameworkCore.Update.Internal.BatchExecutor.ExecuteAsync(IEnumerable`1 commandBatches, IRelationalConnection connection, CancellationToken cancellationToken)
   at Microsoft.EntityFrameworkCore.ChangeTracking.Internal.StateManager.SaveChangesAsync(IList`1 entriesToSave, CancellationToken cancellationToken)
   at Microsoft.EntityFrameworkCore.ChangeTracking.Internal.StateManager.SaveChangesAsync(StateManager stateManager, Boolean acceptAllChangesOnSuccess, CancellationToken cancellationToken)
   at Microsoft.EntityFrameworkCore.DbContext.SaveChangesAsync(Boolean acceptAllChangesOnSuccess, CancellationToken cancellationToken)
Microsoft.EntityFrameworkCore.DbUpdateException: An error occurred while saving the entity changes. See the inner exception for details.
 ---> Microsoft.Data.Sqlite.SqliteException (0x80004005): SQLite Error 1: 'table ToolChanges has no column named Supplier'.
   at Microsoft.Data.Sqlite.SqliteCommand.PrepareAndEnumerateStatements()+MoveNext()
   at Microsoft.Data.Sqlite.SqliteCommand.GetStatements()+MoveNext()
   at Microsoft.Data.Sqlite.SqliteDataReader.NextResult()
   at Microsoft.Data.Sqlite.SqliteCommand.ExecuteReader(CommandBehavior behavior)
   at Microsoft.Data.Sqlite.SqliteCommand.ExecuteDbDataReaderAsync(CommandBehavior behavior, CancellationToken cancellationToken)
   at Microsoft.EntityFrameworkCore.Storage.RelationalCommand.ExecuteReaderAsync(RelationalCommandParameterObject parameterObject, CancellationToken cancellationToken)
   at Microsoft.EntityFrameworkCore.Storage.RelationalCommand.ExecuteReaderAsync(RelationalCommandParameterObject parameterObject, CancellationToken cancellationToken)
   at Microsoft.EntityFrameworkCore.Update.ReaderModificationCommandBatch.ExecuteAsync(IRelationalConnection connection, CancellationToken cancellationToken)
   --- End of inner exception stack trace ---
   at Microsoft.EntityFrameworkCore.Update.ReaderModificationCommandBatch.ExecuteAsync(IRelationalConnection connection, CancellationToken cancellationToken)
   at Microsoft.EntityFrameworkCore.Update.Internal.BatchExecutor.ExecuteAsync(IEnumerable`1 commandBatches, IRelationalConnection connection, CancellationToken cancellationToken)
   at Microsoft.EntityFrameworkCore.Update.Internal.BatchExecutor.ExecuteAsync(IEnumerable`1 commandBatches, IRelationalConnection connection, CancellationToken cancellationToken)
   at Microsoft.EntityFrameworkCore.Update.Internal.BatchExecutor.ExecuteAsync(IEnumerable`1 commandBatches, IRelationalConnection connection, CancellationToken cancellationToken)
   at Microsoft.EntityFrameworkCore.ChangeTracking.Internal.StateManager.SaveChangesAsync(IList`1 entriesToSave, CancellationToken cancellationToken)
   at Microsoft.EntityFrameworkCore.ChangeTracking.Internal.StateManager.SaveChangesAsync(StateManager stateManager, Boolean acceptAllChangesOnSuccess, CancellationToken cancellationToken)
   at Microsoft.EntityFrameworkCore.DbContext.SaveChangesAsync(Boolean acceptAllChangesOnSuccess, CancellationToken cancellationToken)
2026-07-23 11:35:52.721 +07:00 [ERR] [AS400 Polling] Exception for WC UFGL2.
System.InvalidOperationException: The connection has been disabled.
 ---> System.Data.Odbc.OdbcException (0x80131937): ERROR [08S01] [IBM][System i Access ODBC Driver]Communication link failure. comm rc=10053 - CWBCO1003 - Sockets error, function  returned 10053, WFVNPROD.ASHLEYFURNITURE.COM
   --- End of inner exception stack trace ---
   at System.Data.Odbc.OdbcConnection.ConnectionIsAlive(Exception innerException)
   at System.Data.Odbc.OdbcConnection.HandleErrorNoThrow(OdbcHandle hrHandle, SQLRETURN retcode)
   at System.Data.Odbc.OdbcCommand.ExecuteReaderObject(CommandBehavior behavior, String method, Boolean needReader, Object[] methodArguments, SQL_API odbcApiMethod)
   at System.Data.Odbc.OdbcCommand.ExecuteDbDataReader(CommandBehavior behavior)
   at System.Data.Common.DbCommand.ExecuteDbDataReaderAsync(CommandBehavior behavior, CancellationToken cancellationToken)
--- End of stack trace from previous location ---
   at As400ScanPollingService.PollOnceAsync(IServiceScope scope, CancellationToken token) in C:\Users\logtran\OneDrive - Ashley Furniture Industries, Inc\1. Project\logtran\1. Project\CI Project\4.OrderTrackingWeb\Program.cs:line 4581
2026-07-23 12:33:57.662 +07:00 [ERR] [AS400 Polling] Exception for WC UBF03.
System.InvalidOperationException: The connection has been disabled.
 ---> System.Data.Odbc.OdbcException (0x80131937): ERROR [08S01] [IBM][System i Access ODBC Driver]Communication link failure. comm rc=10053 - CWBCO1003 - Sockets error, function  returned 10053, WFVNPROD.ASHLEYFURNITURE.COM
   --- End of inner exception stack trace ---
   at System.Data.Odbc.OdbcConnection.ConnectionIsAlive(Exception innerException)
   at System.Data.Odbc.OdbcConnection.HandleErrorNoThrow(OdbcHandle hrHandle, SQLRETURN retcode)
   at System.Data.Odbc.OdbcCommand.ExecuteReaderObject(CommandBehavior behavior, String method, Boolean needReader, Object[] methodArguments, SQL_API odbcApiMethod)
   at System.Data.Odbc.OdbcCommand.ExecuteDbDataReader(CommandBehavior behavior)
   at System.Data.Common.DbCommand.ExecuteDbDataReaderAsync(CommandBehavior behavior, CancellationToken cancellationToken)
--- End of stack trace from previous location ---
   at As400ScanPollingService.PollOnceAsync(IServiceScope scope, CancellationToken token) in C:\Users\logtran\OneDrive - Ashley Furniture Industries, Inc\1. Project\logtran\1. Project\CI Project\4.OrderTrackingWeb\Program.cs:line 4614
2026-07-23 12:34:00.561 +07:00 [ERR] [AS400 Polling] Exception for WC UBF04.
System.Data.Odbc.OdbcException (0x80131937): ERROR [08S01] [IBM][System i Access ODBC Driver]Communication link failure. comm rc=11001 - CWBCO1004 - Remote address could not be resolved
   at System.Data.ProviderBase.DbConnectionFactory.TryGetConnection(DbConnection owningConnection, TaskCompletionSource`1 retry, DbConnectionOptions userOptions, DbConnectionInternal oldConnection, DbConnectionInternal& connection)
   at System.Data.ProviderBase.DbConnectionInternal.TryOpenConnectionInternal(DbConnection outerConnection, DbConnectionFactory connectionFactory, TaskCompletionSource`1 retry, DbConnectionOptions userOptions)
   at System.Data.Odbc.OdbcConnection.Open()
   at System.Data.Common.DbConnection.OpenAsync(CancellationToken cancellationToken)
--- End of stack trace from previous location ---
   at As400ScanPollingService.PollOnceAsync(IServiceScope scope, CancellationToken token) in C:\Users\logtran\OneDrive - Ashley Furniture Industries, Inc\1. Project\logtran\1. Project\CI Project\4.OrderTrackingWeb\Program.cs:line 4599
2026-07-23 12:34:01.013 +07:00 [ERR] [AS400 Polling] Exception for WC UBF05.
System.Data.Odbc.OdbcException (0x80131937): ERROR [08S01] [IBM][System i Access ODBC Driver]Communication link failure. comm rc=11001 - CWBCO1004 - Remote address could not be resolved
   at System.Data.ProviderBase.DbConnectionFactory.TryGetConnection(DbConnection owningConnection, TaskCompletionSource`1 retry, DbConnectionOptions userOptions, DbConnectionInternal oldConnection, DbConnectionInternal& connection)
   at System.Data.ProviderBase.DbConnectionInternal.TryOpenConnectionInternal(DbConnection outerConnection, DbConnectionFactory connectionFactory, TaskCompletionSource`1 retry, DbConnectionOptions userOptions)
   at System.Data.Odbc.OdbcConnection.Open()
   at System.Data.Common.DbConnection.OpenAsync(CancellationToken cancellationToken)
--- End of stack trace from previous location ---
   at As400ScanPollingService.PollOnceAsync(IServiceScope scope, CancellationToken token) in C:\Users\logtran\OneDrive - Ashley Furniture Industries, Inc\1. Project\logtran\1. Project\CI Project\4.OrderTrackingWeb\Program.cs:line 4599
2026-07-23 12:34:01.117 +07:00 [ERR] [AS400 Polling] Exception for WC UBF06.
System.Data.Odbc.OdbcException (0x80131937): ERROR [08S01] [IBM][System i Access ODBC Driver]Communication link failure. comm rc=11001 - CWBCO1004 - Remote address could not be resolved
   at System.Data.ProviderBase.DbConnectionFactory.TryGetConnection(DbConnection owningConnection, TaskCompletionSource`1 retry, DbConnectionOptions userOptions, DbConnectionInternal oldConnection, DbConnectionInternal& connection)
   at System.Data.ProviderBase.DbConnectionInternal.TryOpenConnectionInternal(DbConnection outerConnection, DbConnectionFactory connectionFactory, TaskCompletionSource`1 retry, DbConnectionOptions userOptions)
   at System.Data.Odbc.OdbcConnection.Open()
   at System.Data.Common.DbConnection.OpenAsync(CancellationToken cancellationToken)
--- End of stack trace from previous location ---
   at As400ScanPollingService.PollOnceAsync(IServiceScope scope, CancellationToken token) in C:\Users\logtran\OneDrive - Ashley Furniture Industries, Inc\1. Project\logtran\1. Project\CI Project\4.OrderTrackingWeb\Program.cs:line 4599
2026-07-23 12:34:01.482 +07:00 [ERR] [AS400 Polling] Exception for WC UCFCS.
System.Data.Odbc.OdbcException (0x80131937): ERROR [08S01] [IBM][System i Access ODBC Driver]Communication link failure. comm rc=11001 - CWBCO1004 - Remote address could not be resolved
   at System.Data.ProviderBase.DbConnectionFactory.TryGetConnection(DbConnection owningConnection, TaskCompletionSource`1 retry, DbConnectionOptions userOptions, DbConnectionInternal oldConnection, DbConnectionInternal& connection)
   at System.Data.ProviderBase.DbConnectionInternal.TryOpenConnectionInternal(DbConnection outerConnection, DbConnectionFactory connectionFactory, TaskCompletionSource`1 retry, DbConnectionOptions userOptions)
   at System.Data.Odbc.OdbcConnection.Open()
   at System.Data.Common.DbConnection.OpenAsync(CancellationToken cancellationToken)
--- End of stack trace from previous location ---
   at As400ScanPollingService.PollOnceAsync(IServiceScope scope, CancellationToken token) in C:\Users\logtran\OneDrive - Ashley Furniture Industries, Inc\1. Project\logtran\1. Project\CI Project\4.OrderTrackingWeb\Program.cs:line 4599
2026-07-23 12:34:01.841 +07:00 [ERR] [AS400 Polling] Exception for WC UCFCM.
System.Data.Odbc.OdbcException (0x80131937): ERROR [08S01] [IBM][System i Access ODBC Driver]Communication link failure. comm rc=11001 - CWBCO1004 - Remote address could not be resolved
   at System.Data.ProviderBase.DbConnectionFactory.TryGetConnection(DbConnection owningConnection, TaskCompletionSource`1 retry, DbConnectionOptions userOptions, DbConnectionInternal oldConnection, DbConnectionInternal& connection)
   at System.Data.ProviderBase.DbConnectionInternal.TryOpenConnectionInternal(DbConnection outerConnection, DbConnectionFactory connectionFactory, TaskCompletionSource`1 retry, DbConnectionOptions userOptions)
   at System.Data.Odbc.OdbcConnection.Open()
   at System.Data.Common.DbConnection.OpenAsync(CancellationToken cancellationToken)
--- End of stack trace from previous location ---
   at As400ScanPollingService.PollOnceAsync(IServiceScope scope, CancellationToken token) in C:\Users\logtran\OneDrive - Ashley Furniture Industries, Inc\1. Project\logtran\1. Project\CI Project\4.OrderTrackingWeb\Program.cs:line 4599
2026-07-23 12:34:02.300 +07:00 [ERR] [AS400 Polling] Exception for WC UCFHM.
System.Data.Odbc.OdbcException (0x80131937): ERROR [08S01] [IBM][System i Access ODBC Driver]Communication link failure. comm rc=11001 - CWBCO1004 - Remote address could not be resolved
   at System.Data.ProviderBase.DbConnectionFactory.TryGetConnection(DbConnection owningConnection, TaskCompletionSource`1 retry, DbConnectionOptions userOptions, DbConnectionInternal oldConnection, DbConnectionInternal& connection)
   at System.Data.ProviderBase.DbConnectionInternal.TryOpenConnectionInternal(DbConnection outerConnection, DbConnectionFactory connectionFactory, TaskCompletionSource`1 retry, DbConnectionOptions userOptions)
   at System.Data.Odbc.OdbcConnection.Open()
   at System.Data.Common.DbConnection.OpenAsync(CancellationToken cancellationToken)
--- End of stack trace from previous location ---
   at As400ScanPollingService.PollOnceAsync(IServiceScope scope, CancellationToken token) in C:\Users\logtran\OneDrive - Ashley Furniture Industries, Inc\1. Project\logtran\1. Project\CI Project\4.OrderTrackingWeb\Program.cs:line 4599
2026-07-23 12:34:02.353 +07:00 [ERR] [AS400 Polling] Exception for WC UCFCH.
System.Data.Odbc.OdbcException (0x80131937): ERROR [08S01] [IBM][System i Access ODBC Driver]Communication link failure. comm rc=11001 - CWBCO1004 - Remote address could not be resolved
   at System.Data.ProviderBase.DbConnectionFactory.TryGetConnection(DbConnection owningConnection, TaskCompletionSource`1 retry, DbConnectionOptions userOptions, DbConnectionInternal oldConnection, DbConnectionInternal& connection)
   at System.Data.ProviderBase.DbConnectionInternal.TryOpenConnectionInternal(DbConnection outerConnection, DbConnectionFactory connectionFactory, TaskCompletionSource`1 retry, DbConnectionOptions userOptions)
   at System.Data.Odbc.OdbcConnection.Open()
   at System.Data.Common.DbConnection.OpenAsync(CancellationToken cancellationToken)
--- End of stack trace from previous location ---
   at As400ScanPollingService.PollOnceAsync(IServiceScope scope, CancellationToken token) in C:\Users\logtran\OneDrive - Ashley Furniture Industries, Inc\1. Project\logtran\1. Project\CI Project\4.OrderTrackingWeb\Program.cs:line 4599
2026-07-23 14:30:10.653 +07:00 [ERR] [AS400 Polling] Exception for WC UBF13.
System.Data.Odbc.OdbcException (0x80131937): ERROR [08S01] [IBM][System i Access ODBC Driver]Communication link failure. comm rc=11001 - CWBCO1004 - Remote address could not be resolved
   at System.Data.ProviderBase.DbConnectionFactory.TryGetConnection(DbConnection owningConnection, TaskCompletionSource`1 retry, DbConnectionOptions userOptions, DbConnectionInternal oldConnection, DbConnectionInternal& connection)
   at System.Data.ProviderBase.DbConnectionInternal.TryOpenConnectionInternal(DbConnection outerConnection, DbConnectionFactory connectionFactory, TaskCompletionSource`1 retry, DbConnectionOptions userOptions)
   at System.Data.Odbc.OdbcConnection.Open()
   at System.Data.Common.DbConnection.OpenAsync(CancellationToken cancellationToken)
--- End of stack trace from previous location ---
   at As400ScanPollingService.PollOnceAsync(IServiceScope scope, CancellationToken token) in C:\Users\logtran\OneDrive - Ashley Furniture Industries, Inc\1. Project\logtran\1. Project\CI Project\4.OrderTrackingWeb\Program.cs:line 4599
2026-07-23 14:30:10.962 +07:00 [ERR] [AS400 Polling] Exception for WC UBF03.
System.Data.Odbc.OdbcException (0x80131937): ERROR [08S01] [IBM][System i Access ODBC Driver]Communication link failure. comm rc=11001 - CWBCO1004 - Remote address could not be resolved
   at System.Data.ProviderBase.DbConnectionFactory.TryGetConnection(DbConnection owningConnection, TaskCompletionSource`1 retry, DbConnectionOptions userOptions, DbConnectionInternal oldConnection, DbConnectionInternal& connection)
   at System.Data.ProviderBase.DbConnectionInternal.TryOpenConnectionInternal(DbConnection outerConnection, DbConnectionFactory connectionFactory, TaskCompletionSource`1 retry, DbConnectionOptions userOptions)
   at System.Data.Odbc.OdbcConnection.Open()
   at System.Data.Common.DbConnection.OpenAsync(CancellationToken cancellationToken)
--- End of stack trace from previous location ---
   at As400ScanPollingService.PollOnceAsync(IServiceScope scope, CancellationToken token) in C:\Users\logtran\OneDrive - Ashley Furniture Industries, Inc\1. Project\logtran\1. Project\CI Project\4.OrderTrackingWeb\Program.cs:line 4599
2026-07-23 14:30:11.282 +07:00 [ERR] [AS400 Polling] Exception for WC UBF04.
System.Data.Odbc.OdbcException (0x80131937): ERROR [08S01] [IBM][System i Access ODBC Driver]Communication link failure. comm rc=11001 - CWBCO1004 - Remote address could not be resolved
   at System.Data.ProviderBase.DbConnectionFactory.TryGetConnection(DbConnection owningConnection, TaskCompletionSource`1 retry, DbConnectionOptions userOptions, DbConnectionInternal oldConnection, DbConnectionInternal& connection)
   at System.Data.ProviderBase.DbConnectionInternal.TryOpenConnectionInternal(DbConnection outerConnection, DbConnectionFactory connectionFactory, TaskCompletionSource`1 retry, DbConnectionOptions userOptions)
   at System.Data.Odbc.OdbcConnection.Open()
   at System.Data.Common.DbConnection.OpenAsync(CancellationToken cancellationToken)
--- End of stack trace from previous location ---
   at As400ScanPollingService.PollOnceAsync(IServiceScope scope, CancellationToken token) in C:\Users\logtran\OneDrive - Ashley Furniture Industries, Inc\1. Project\logtran\1. Project\CI Project\4.OrderTrackingWeb\Program.cs:line 4599
2026-07-23 14:30:11.325 +07:00 [ERR] [AS400 Polling] Exception for WC UBF05.
System.Data.Odbc.OdbcException (0x80131937): ERROR [08S01] [IBM][System i Access ODBC Driver]Communication link failure. comm rc=11001 - CWBCO1004 - Remote address could not be resolved
   at System.Data.ProviderBase.DbConnectionFactory.TryGetConnection(DbConnection owningConnection, TaskCompletionSource`1 retry, DbConnectionOptions userOptions, DbConnectionInternal oldConnection, DbConnectionInternal& connection)
   at System.Data.ProviderBase.DbConnectionInternal.TryOpenConnectionInternal(DbConnection outerConnection, DbConnectionFactory connectionFactory, TaskCompletionSource`1 retry, DbConnectionOptions userOptions)
   at System.Data.Odbc.OdbcConnection.Open()
   at System.Data.Common.DbConnection.OpenAsync(CancellationToken cancellationToken)
--- End of stack trace from previous location ---
   at As400ScanPollingService.PollOnceAsync(IServiceScope scope, CancellationToken token) in C:\Users\logtran\OneDrive - Ashley Furniture Industries, Inc\1. Project\logtran\1. Project\CI Project\4.OrderTrackingWeb\Program.cs:line 4599
2026-07-23 14:30:11.357 +07:00 [ERR] [AS400 Polling] Exception for WC UBF06.
System.Data.Odbc.OdbcException (0x80131937): ERROR [08S01] [IBM][System i Access ODBC Driver]Communication link failure. comm rc=11001 - CWBCO1004 - Remote address could not be resolved
   at System.Data.ProviderBase.DbConnectionFactory.TryGetConnection(DbConnection owningConnection, TaskCompletionSource`1 retry, DbConnectionOptions userOptions, DbConnectionInternal oldConnection, DbConnectionInternal& connection)
   at System.Data.ProviderBase.DbConnectionInternal.TryOpenConnectionInternal(DbConnection outerConnection, DbConnectionFactory connectionFactory, TaskCompletionSource`1 retry, DbConnectionOptions userOptions)
   at System.Data.Odbc.OdbcConnection.Open()
   at System.Data.Common.DbConnection.OpenAsync(CancellationToken cancellationToken)
--- End of stack trace from previous location ---
   at As400ScanPollingService.PollOnceAsync(IServiceScope scope, CancellationToken token) in C:\Users\logtran\OneDrive - Ashley Furniture Industries, Inc\1. Project\logtran\1. Project\CI Project\4.OrderTrackingWeb\Program.cs:line 4599
2026-07-23 14:30:11.655 +07:00 [ERR] [AS400 Polling] Exception for WC UCFCS.
System.Data.Odbc.OdbcException (0x80131937): ERROR [08S01] [IBM][System i Access ODBC Driver]Communication link failure. comm rc=11001 - CWBCO1004 - Remote address could not be resolved
   at System.Data.ProviderBase.DbConnectionFactory.TryGetConnection(DbConnection owningConnection, TaskCompletionSource`1 retry, DbConnectionOptions userOptions, DbConnectionInternal oldConnection, DbConnectionInternal& connection)
   at System.Data.ProviderBase.DbConnectionInternal.TryOpenConnectionInternal(DbConnection outerConnection, DbConnectionFactory connectionFactory, TaskCompletionSource`1 retry, DbConnectionOptions userOptions)
   at System.Data.Odbc.OdbcConnection.Open()
   at System.Data.Common.DbConnection.OpenAsync(CancellationToken cancellationToken)
--- End of stack trace from previous location ---
   at As400ScanPollingService.PollOnceAsync(IServiceScope scope, CancellationToken token) in C:\Users\logtran\OneDrive - Ashley Furniture Industries, Inc\1. Project\logtran\1. Project\CI Project\4.OrderTrackingWeb\Program.cs:line 4599
2026-07-23 14:30:11.696 +07:00 [ERR] [AS400 Polling] Exception for WC UCFCM.
System.Data.Odbc.OdbcException (0x80131937): ERROR [08S01] [IBM][System i Access ODBC Driver]Communication link failure. comm rc=11001 - CWBCO1004 - Remote address could not be resolved
   at System.Data.ProviderBase.DbConnectionFactory.TryGetConnection(DbConnection owningConnection, TaskCompletionSource`1 retry, DbConnectionOptions userOptions, DbConnectionInternal oldConnection, DbConnectionInternal& connection)
   at System.Data.ProviderBase.DbConnectionInternal.TryOpenConnectionInternal(DbConnection outerConnection, DbConnectionFactory connectionFactory, TaskCompletionSource`1 retry, DbConnectionOptions userOptions)
   at System.Data.Odbc.OdbcConnection.Open()
   at System.Data.Common.DbConnection.OpenAsync(CancellationToken cancellationToken)
--- End of stack trace from previous location ---
   at As400ScanPollingService.PollOnceAsync(IServiceScope scope, CancellationToken token) in C:\Users\logtran\OneDrive - Ashley Furniture Industries, Inc\1. Project\logtran\1. Project\CI Project\4.OrderTrackingWeb\Program.cs:line 4599
2026-07-23 14:30:11.771 +07:00 [ERR] [AS400 Polling] Exception for WC UCFHM.
System.Data.Odbc.OdbcException (0x80131937): ERROR [08S01] [IBM][System i Access ODBC Driver]Communication link failure. comm rc=11001 - CWBCO1004 - Remote address could not be resolved
   at System.Data.ProviderBase.DbConnectionFactory.TryGetConnection(DbConnection owningConnection, TaskCompletionSource`1 retry, DbConnectionOptions userOptions, DbConnectionInternal oldConnection, DbConnectionInternal& connection)
   at System.Data.ProviderBase.DbConnectionInternal.TryOpenConnectionInternal(DbConnection outerConnection, DbConnectionFactory connectionFactory, TaskCompletionSource`1 retry, DbConnectionOptions userOptions)
   at System.Data.Odbc.OdbcConnection.Open()
   at System.Data.Common.DbConnection.OpenAsync(CancellationToken cancellationToken)
--- End of stack trace from previous location ---
   at As400ScanPollingService.PollOnceAsync(IServiceScope scope, CancellationToken token) in C:\Users\logtran\OneDrive - Ashley Furniture Industries, Inc\1. Project\logtran\1. Project\CI Project\4.OrderTrackingWeb\Program.cs:line 4599
2026-07-23 14:30:11.880 +07:00 [ERR] [AS400 Polling] Exception for WC UCFCH.
System.Data.Odbc.OdbcException (0x80131937): ERROR [08S01] [IBM][System i Access ODBC Driver]Communication link failure. comm rc=11001 - CWBCO1004 - Remote address could not be resolved
   at System.Data.ProviderBase.DbConnectionFactory.TryGetConnection(DbConnection owningConnection, TaskCompletionSource`1 retry, DbConnectionOptions userOptions, DbConnectionInternal oldConnection, DbConnectionInternal& connection)
   at System.Data.ProviderBase.DbConnectionInternal.TryOpenConnectionInternal(DbConnection outerConnection, DbConnectionFactory connectionFactory, TaskCompletionSource`1 retry, DbConnectionOptions userOptions)
   at System.Data.Odbc.OdbcConnection.Open()
   at System.Data.Common.DbConnection.OpenAsync(CancellationToken cancellationToken)
--- End of stack trace from previous location ---
   at As400ScanPollingService.PollOnceAsync(IServiceScope scope, CancellationToken token) in C:\Users\logtran\OneDrive - Ashley Furniture Industries, Inc\1. Project\logtran\1. Project\CI Project\4.OrderTrackingWeb\Program.cs:line 4599
2026-07-23 14:30:11.916 +07:00 [ERR] [AS400 Polling] Exception for WC UCFCT.
System.Data.Odbc.OdbcException (0x80131937): ERROR [08S01] [IBM][System i Access ODBC Driver]Communication link failure. comm rc=11001 - CWBCO1004 - Remote address could not be resolved
   at System.Data.ProviderBase.DbConnectionFactory.TryGetConnection(DbConnection owningConnection, TaskCompletionSource`1 retry, DbConnectionOptions userOptions, DbConnectionInternal oldConnection, DbConnectionInternal& connection)
   at System.Data.ProviderBase.DbConnectionInternal.TryOpenConnectionInternal(DbConnection outerConnection, DbConnectionFactory connectionFactory, TaskCompletionSource`1 retry, DbConnectionOptions userOptions)
   at System.Data.Odbc.OdbcConnection.Open()
   at System.Data.Common.DbConnection.OpenAsync(CancellationToken cancellationToken)
--- End of stack trace from previous location ---
   at As400ScanPollingService.PollOnceAsync(IServiceScope scope, CancellationToken token) in C:\Users\logtran\OneDrive - Ashley Furniture Industries, Inc\1. Project\logtran\1. Project\CI Project\4.OrderTrackingWeb\Program.cs:line 4599
2026-07-23 14:30:11.939 +07:00 [ERR] [AS400 Polling] Exception for WC UPHD1.
System.Data.Odbc.OdbcException (0x80131937): ERROR [08S01] [IBM][System i Access ODBC Driver]Communication link failure. comm rc=11001 - CWBCO1004 - Remote address could not be resolved
   at System.Data.ProviderBase.DbConnectionFactory.TryGetConnection(DbConnection owningConnection, TaskCompletionSource`1 retry, DbConnectionOptions userOptions, DbConnectionInternal oldConnection, DbConnectionInternal& connection)
   at System.Data.ProviderBase.DbConnectionInternal.TryOpenConnectionInternal(DbConnection outerConnection, DbConnectionFactory connectionFactory, TaskCompletionSource`1 retry, DbConnectionOptions userOptions)
   at System.Data.Odbc.OdbcConnection.Open()
   at System.Data.Common.DbConnection.OpenAsync(CancellationToken cancellationToken)
--- End of stack trace from previous location ---
   at As400ScanPollingService.PollOnceAsync(IServiceScope scope, CancellationToken token) in C:\Users\logtran\OneDrive - Ashley Furniture Industries, Inc\1. Project\logtran\1. Project\CI Project\4.OrderTrackingWeb\Program.cs:line 4599
2026-07-23 14:30:11.964 +07:00 [ERR] [AS400 Polling] Exception for WC UCFCO.
System.Data.Odbc.OdbcException (0x80131937): ERROR [08S01] [IBM][System i Access ODBC Driver]Communication link failure. comm rc=11001 - CWBCO1004 - Remote address could not be resolved
   at System.Data.ProviderBase.DbConnectionFactory.TryGetConnection(DbConnection owningConnection, TaskCompletionSource`1 retry, DbConnectionOptions userOptions, DbConnectionInternal oldConnection, DbConnectionInternal& connection)
   at System.Data.ProviderBase.DbConnectionInternal.TryOpenConnectionInternal(DbConnection outerConnection, DbConnectionFactory connectionFactory, TaskCompletionSource`1 retry, DbConnectionOptions userOptions)
   at System.Data.Odbc.OdbcConnection.Open()
   at System.Data.Common.DbConnection.OpenAsync(CancellationToken cancellationToken)
--- End of stack trace from previous location ---
   at As400ScanPollingService.PollOnceAsync(IServiceScope scope, CancellationToken token) in C:\Users\logtran\OneDrive - Ashley Furniture Industries, Inc\1. Project\logtran\1. Project\CI Project\4.OrderTrackingWeb\Program.cs:line 4599
2026-07-23 14:30:11.991 +07:00 [ERR] [AS400 Polling] Exception for WC UCFHS.
System.Data.Odbc.OdbcException (0x80131937): ERROR [08S01] [IBM][System i Access ODBC Driver]Communication link failure. comm rc=11001 - CWBCO1004 - Remote address could not be resolved
   at System.Data.ProviderBase.DbConnectionFactory.TryGetConnection(DbConnection owningConnection, TaskCompletionSource`1 retry, DbConnectionOptions userOptions, DbConnectionInternal oldConnection, DbConnectionInternal& connection)
   at System.Data.ProviderBase.DbConnectionInternal.TryOpenConnectionInternal(DbConnection outerConnection, DbConnectionFactory connectionFactory, TaskCompletionSource`1 retry, DbConnectionOptions userOptions)
   at System.Data.Odbc.OdbcConnection.Open()
   at System.Data.Common.DbConnection.OpenAsync(CancellationToken cancellationToken)
--- End of stack trace from previous location ---
   at As400ScanPollingService.PollOnceAsync(IServiceScope scope, CancellationToken token) in C:\Users\logtran\OneDrive - Ashley Furniture Industries, Inc\1. Project\logtran\1. Project\CI Project\4.OrderTrackingWeb\Program.cs:line 4599
2026-07-23 14:30:12.034 +07:00 [ERR] [AS400 Polling] Exception for WC UPGL6.
System.Data.Odbc.OdbcException (0x80131937): ERROR [08S01] [IBM][System i Access ODBC Driver]Communication link failure. comm rc=11001 - CWBCO1004 - Remote address could not be resolved
   at System.Data.ProviderBase.DbConnectionFactory.TryGetConnection(DbConnection owningConnection, TaskCompletionSource`1 retry, DbConnectionOptions userOptions, DbConnectionInternal oldConnection, DbConnectionInternal& connection)
   at System.Data.ProviderBase.DbConnectionInternal.TryOpenConnectionInternal(DbConnection outerConnection, DbConnectionFactory connectionFactory, TaskCompletionSource`1 retry, DbConnectionOptions userOptions)
   at System.Data.Odbc.OdbcConnection.Open()
   at System.Data.Common.DbConnection.OpenAsync(CancellationToken cancellationToken)
--- End of stack trace from previous location ---
   at As400ScanPollingService.PollOnceAsync(IServiceScope scope, CancellationToken token) in C:\Users\logtran\OneDrive - Ashley Furniture Industries, Inc\1. Project\logtran\1. Project\CI Project\4.OrderTrackingWeb\Program.cs:line 4599
2026-07-23 14:30:12.057 +07:00 [ERR] [AS400 Polling] Exception for WC UPGL2.
System.Data.Odbc.OdbcException (0x80131937): ERROR [08S01] [IBM][System i Access ODBC Driver]Communication link failure. comm rc=11001 - CWBCO1004 - Remote address could not be resolved
   at System.Data.ProviderBase.DbConnectionFactory.TryGetConnection(DbConnection owningConnection, TaskCompletionSource`1 retry, DbConnectionOptions userOptions, DbConnectionInternal oldConnection, DbConnectionInternal& connection)
   at System.Data.ProviderBase.DbConnectionInternal.TryOpenConnectionInternal(DbConnection outerConnection, DbConnectionFactory connectionFactory, TaskCompletionSource`1 retry, DbConnectionOptions userOptions)
   at System.Data.Odbc.OdbcConnection.Open()
   at System.Data.Common.DbConnection.OpenAsync(CancellationToken cancellationToken)
--- End of stack trace from previous location ---
   at As400ScanPollingService.PollOnceAsync(IServiceScope scope, CancellationToken token) in C:\Users\logtran\OneDrive - Ashley Furniture Industries, Inc\1. Project\logtran\1. Project\CI Project\4.OrderTrackingWeb\Program.cs:line 4599
2026-07-23 14:30:12.091 +07:00 [ERR] [AS400 Polling] Exception for WC UFGL2.
System.Data.Odbc.OdbcException (0x80131937): ERROR [08S01] [IBM][System i Access ODBC Driver]Communication link failure. comm rc=11001 - CWBCO1004 - Remote address could not be resolved
   at System.Data.ProviderBase.DbConnectionFactory.TryGetConnection(DbConnection owningConnection, TaskCompletionSource`1 retry, DbConnectionOptions userOptions, DbConnectionInternal oldConnection, DbConnectionInternal& connection)
   at System.Data.ProviderBase.DbConnectionInternal.TryOpenConnectionInternal(DbConnection outerConnection, DbConnectionFactory connectionFactory, TaskCompletionSource`1 retry, DbConnectionOptions userOptions)
   at System.Data.Odbc.OdbcConnection.Open()
   at System.Data.Common.DbConnection.OpenAsync(CancellationToken cancellationToken)
--- End of stack trace from previous location ---
   at As400ScanPollingService.PollOnceAsync(IServiceScope scope, CancellationToken token) in C:\Users\logtran\OneDrive - Ashley Furniture Industries, Inc\1. Project\logtran\1. Project\CI Project\4.OrderTrackingWeb\Program.cs:line 4599
2026-07-23 14:30:12.133 +07:00 [ERR] [AS400 Polling] Exception for WC UPGL1.
System.Data.Odbc.OdbcException (0x80131937): ERROR [08S01] [IBM][System i Access ODBC Driver]Communication link failure. comm rc=11001 - CWBCO1004 - Remote address could not be resolved
   at System.Data.ProviderBase.DbConnectionFactory.TryGetConnection(DbConnection owningConnection, TaskCompletionSource`1 retry, DbConnectionOptions userOptions, DbConnectionInternal oldConnection, DbConnectionInternal& connection)
   at System.Data.ProviderBase.DbConnectionInternal.TryOpenConnectionInternal(DbConnection outerConnection, DbConnectionFactory connectionFactory, TaskCompletionSource`1 retry, DbConnectionOptions userOptions)
   at System.Data.Odbc.OdbcConnection.Open()
   at System.Data.Common.DbConnection.OpenAsync(CancellationToken cancellationToken)
--- End of stack trace from previous location ---
   at As400ScanPollingService.PollOnceAsync(IServiceScope scope, CancellationToken token) in C:\Users\logtran\OneDrive - Ashley Furniture Industries, Inc\1. Project\logtran\1. Project\CI Project\4.OrderTrackingWeb\Program.cs:line 4599
2026-07-23 14:30:12.236 +07:00 [ERR] [AS400 Polling] Exception for WC UPGL4.
System.Data.Odbc.OdbcException (0x80131937): ERROR [08S01] [IBM][System i Access ODBC Driver]Communication link failure. comm rc=11001 - CWBCO1004 - Remote address could not be resolved
   at System.Data.ProviderBase.DbConnectionFactory.TryGetConnection(DbConnection owningConnection, TaskCompletionSource`1 retry, DbConnectionOptions userOptions, DbConnectionInternal oldConnection, DbConnectionInternal& connection)
   at System.Data.ProviderBase.DbConnectionInternal.TryOpenConnectionInternal(DbConnection outerConnection, DbConnectionFactory connectionFactory, TaskCompletionSource`1 retry, DbConnectionOptions userOptions)
   at System.Data.Odbc.OdbcConnection.Open()
   at System.Data.Common.DbConnection.OpenAsync(CancellationToken cancellationToken)
--- End of stack trace from previous location ---
   at As400ScanPollingService.PollOnceAsync(IServiceScope scope, CancellationToken token) in C:\Users\logtran\OneDrive - Ashley Furniture Industries, Inc\1. Project\logtran\1. Project\CI Project\4.OrderTrackingWeb\Program.cs:line 4599
2026-07-23 14:30:12.252 +07:00 [ERR] [AS400 Polling] Exception for WC UPGL3.
System.Data.Odbc.OdbcException (0x80131937): ERROR [08S01] [IBM][System i Access ODBC Driver]Communication link failure. comm rc=11001 - CWBCO1004 - Remote address could not be resolved
   at System.Data.ProviderBase.DbConnectionFactory.TryGetConnection(DbConnection owningConnection, TaskCompletionSource`1 retry, DbConnectionOptions userOptions, DbConnectionInternal oldConnection, DbConnectionInternal& connection)
   at System.Data.ProviderBase.DbConnectionInternal.TryOpenConnectionInternal(DbConnection outerConnection, DbConnectionFactory connectionFactory, TaskCompletionSource`1 retry, DbConnectionOptions userOptions)
   at System.Data.Odbc.OdbcConnection.Open()
   at System.Data.Common.DbConnection.OpenAsync(CancellationToken cancellationToken)
--- End of stack trace from previous location ---
   at As400ScanPollingService.PollOnceAsync(IServiceScope scope, CancellationToken token) in C:\Users\logtran\OneDrive - Ashley Furniture Industries, Inc\1. Project\logtran\1. Project\CI Project\4.OrderTrackingWeb\Program.cs:line 4599
2026-07-23 23:03:00.509 +07:00 [ERR] [AS400 Polling] Exception for WC UBF12.
System.InvalidOperationException: The connection has been disabled.
 ---> System.Data.Odbc.OdbcException (0x80131937): ERROR [08S01] [IBM][System i Access ODBC Driver]Communication link failure. comm rc=10053 - CWBCO1003 - Sockets error, function  returned 10053, WFVNPROD.ASHLEYFURNITURE.COM
   --- End of inner exception stack trace ---
   at System.Data.Odbc.OdbcConnection.ConnectionIsAlive(Exception innerException)
   at System.Data.Odbc.OdbcConnection.HandleErrorNoThrow(OdbcHandle hrHandle, SQLRETURN retcode)
   at System.Data.Odbc.OdbcCommand.ExecuteReaderObject(CommandBehavior behavior, String method, Boolean needReader, Object[] methodArguments, SQL_API odbcApiMethod)
   at System.Data.Odbc.OdbcCommand.ExecuteDbDataReader(CommandBehavior behavior)
   at System.Data.Common.DbCommand.ExecuteDbDataReaderAsync(CommandBehavior behavior, CancellationToken cancellationToken)
--- End of stack trace from previous location ---
   at As400ScanPollingService.PollOnceAsync(IServiceScope scope, CancellationToken token) in C:\Users\logtran\OneDrive - Ashley Furniture Industries, Inc\1. Project\logtran\1. Project\CI Project\4.OrderTrackingWeb\Program.cs:line 4614
2026-07-23 23:03:07.166 +07:00 [ERR] [AS400 Polling] Exception for WC UBF13.
System.Data.Odbc.OdbcException (0x80131937): ERROR [08S01] [IBM][System i Access ODBC Driver]Communication link failure. comm rc=11001 - CWBCO1004 - Remote address could not be resolved
   at System.Data.ProviderBase.DbConnectionFactory.TryGetConnection(DbConnection owningConnection, TaskCompletionSource`1 retry, DbConnectionOptions userOptions, DbConnectionInternal oldConnection, DbConnectionInternal& connection)
   at System.Data.ProviderBase.DbConnectionInternal.TryOpenConnectionInternal(DbConnection outerConnection, DbConnectionFactory connectionFactory, TaskCompletionSource`1 retry, DbConnectionOptions userOptions)
   at System.Data.Odbc.OdbcConnection.Open()
   at System.Data.Common.DbConnection.OpenAsync(CancellationToken cancellationToken)
--- End of stack trace from previous location ---
   at As400ScanPollingService.PollOnceAsync(IServiceScope scope, CancellationToken token) in C:\Users\logtran\OneDrive - Ashley Furniture Industries, Inc\1. Project\logtran\1. Project\CI Project\4.OrderTrackingWeb\Program.cs:line 4599
2026-07-23 23:03:08.678 +07:00 [ERR] [AS400 Polling] Exception for WC UBF03.
System.Data.Odbc.OdbcException (0x80131937): ERROR [08S01] [IBM][System i Access ODBC Driver]Communication link failure. comm rc=11001 - CWBCO1004 - Remote address could not be resolved
   at System.Data.ProviderBase.DbConnectionFactory.TryGetConnection(DbConnection owningConnection, TaskCompletionSource`1 retry, DbConnectionOptions userOptions, DbConnectionInternal oldConnection, DbConnectionInternal& connection)
   at System.Data.ProviderBase.DbConnectionInternal.TryOpenConnectionInternal(DbConnection outerConnection, DbConnectionFactory connectionFactory, TaskCompletionSource`1 retry, DbConnectionOptions userOptions)
   at System.Data.Odbc.OdbcConnection.Open()
   at System.Data.Common.DbConnection.OpenAsync(CancellationToken cancellationToken)
--- End of stack trace from previous location ---
   at As400ScanPollingService.PollOnceAsync(IServiceScope scope, CancellationToken token) in C:\Users\logtran\OneDrive - Ashley Furniture Industries, Inc\1. Project\logtran\1. Project\CI Project\4.OrderTrackingWeb\Program.cs:line 4599
2026-07-23 23:03:09.387 +07:00 [ERR] [AS400 Polling] Exception for WC UBF04.
System.Data.Odbc.OdbcException (0x80131937): ERROR [08S01] [IBM][System i Access ODBC Driver]Communication link failure. comm rc=11001 - CWBCO1004 - Remote address could not be resolved
   at System.Data.ProviderBase.DbConnectionFactory.TryGetConnection(DbConnection owningConnection, TaskCompletionSource`1 retry, DbConnectionOptions userOptions, DbConnectionInternal oldConnection, DbConnectionInternal& connection)
   at System.Data.ProviderBase.DbConnectionInternal.TryOpenConnectionInternal(DbConnection outerConnection, DbConnectionFactory connectionFactory, TaskCompletionSource`1 retry, DbConnectionOptions userOptions)
   at System.Data.Odbc.OdbcConnection.Open()
   at System.Data.Common.DbConnection.OpenAsync(CancellationToken cancellationToken)
--- End of stack trace from previous location ---
   at As400ScanPollingService.PollOnceAsync(IServiceScope scope, CancellationToken token) in C:\Users\logtran\OneDrive - Ashley Furniture Industries, Inc\1. Project\logtran\1. Project\CI Project\4.OrderTrackingWeb\Program.cs:line 4599
2026-07-23 23:03:09.827 +07:00 [ERR] [AS400 Polling] Exception for WC UBF05.
System.Data.Odbc.OdbcException (0x80131937): ERROR [08S01] [IBM][System i Access ODBC Driver]Communication link failure. comm rc=11001 - CWBCO1004 - Remote address could not be resolved
   at System.Data.ProviderBase.DbConnectionFactory.TryGetConnection(DbConnection owningConnection, TaskCompletionSource`1 retry, DbConnectionOptions userOptions, DbConnectionInternal oldConnection, DbConnectionInternal& connection)
   at System.Data.ProviderBase.DbConnectionInternal.TryOpenConnectionInternal(DbConnection outerConnection, DbConnectionFactory connectionFactory, TaskCompletionSource`1 retry, DbConnectionOptions userOptions)
   at System.Data.Odbc.OdbcConnection.Open()
   at System.Data.Common.DbConnection.OpenAsync(CancellationToken cancellationToken)
--- End of stack trace from previous location ---
   at As400ScanPollingService.PollOnceAsync(IServiceScope scope, CancellationToken token) in C:\Users\logtran\OneDrive - Ashley Furniture Industries, Inc\1. Project\logtran\1. Project\CI Project\4.OrderTrackingWeb\Program.cs:line 4599
2026-07-23 23:03:10.039 +07:00 [ERR] [AS400 Polling] Exception for WC UBF06.
System.Data.Odbc.OdbcException (0x80131937): ERROR [08S01] [IBM][System i Access ODBC Driver]Communication link failure. comm rc=11001 - CWBCO1004 - Remote address could not be resolved
   at System.Data.ProviderBase.DbConnectionFactory.TryGetConnection(DbConnection owningConnection, TaskCompletionSource`1 retry, DbConnectionOptions userOptions, DbConnectionInternal oldConnection, DbConnectionInternal& connection)
   at System.Data.ProviderBase.DbConnectionInternal.TryOpenConnectionInternal(DbConnection outerConnection, DbConnectionFactory connectionFactory, TaskCompletionSource`1 retry, DbConnectionOptions userOptions)
   at System.Data.Odbc.OdbcConnection.Open()
   at System.Data.Common.DbConnection.OpenAsync(CancellationToken cancellationToken)
--- End of stack trace from previous location ---
   at As400ScanPollingService.PollOnceAsync(IServiceScope scope, CancellationToken token) in C:\Users\logtran\OneDrive - Ashley Furniture Industries, Inc\1. Project\logtran\1. Project\CI Project\4.OrderTrackingWeb\Program.cs:line 4599
2026-07-23 23:03:10.072 +07:00 [ERR] [AS400 Polling] Exception for WC UCFCS.
System.Data.Odbc.OdbcException (0x80131937): ERROR [08S01] [IBM][System i Access ODBC Driver]Communication link failure. comm rc=11001 - CWBCO1004 - Remote address could not be resolved
   at System.Data.ProviderBase.DbConnectionFactory.TryGetConnection(DbConnection owningConnection, TaskCompletionSource`1 retry, DbConnectionOptions userOptions, DbConnectionInternal oldConnection, DbConnectionInternal& connection)
   at System.Data.ProviderBase.DbConnectionInternal.TryOpenConnectionInternal(DbConnection outerConnection, DbConnectionFactory connectionFactory, TaskCompletionSource`1 retry, DbConnectionOptions userOptions)
   at System.Data.Odbc.OdbcConnection.Open()
   at System.Data.Common.DbConnection.OpenAsync(CancellationToken cancellationToken)
--- End of stack trace from previous location ---
   at As400ScanPollingService.PollOnceAsync(IServiceScope scope, CancellationToken token) in C:\Users\logtran\OneDrive - Ashley Furniture Industries, Inc\1. Project\logtran\1. Project\CI Project\4.OrderTrackingWeb\Program.cs:line 4599
2026-07-23 23:03:10.110 +07:00 [ERR] [AS400 Polling] Exception for WC UCFCM.
System.Data.Odbc.OdbcException (0x80131937): ERROR [08S01] [IBM][System i Access ODBC Driver]Communication link failure. comm rc=11001 - CWBCO1004 - Remote address could not be resolved
   at System.Data.ProviderBase.DbConnectionFactory.TryGetConnection(DbConnection owningConnection, TaskCompletionSource`1 retry, DbConnectionOptions userOptions, DbConnectionInternal oldConnection, DbConnectionInternal& connection)
   at System.Data.ProviderBase.DbConnectionInternal.TryOpenConnectionInternal(DbConnection outerConnection, DbConnectionFactory connectionFactory, TaskCompletionSource`1 retry, DbConnectionOptions userOptions)
   at System.Data.Odbc.OdbcConnection.Open()
   at System.Data.Common.DbConnection.OpenAsync(CancellationToken cancellationToken)
--- End of stack trace from previous location ---
   at As400ScanPollingService.PollOnceAsync(IServiceScope scope, CancellationToken token) in C:\Users\logtran\OneDrive - Ashley Furniture Industries, Inc\1. Project\logtran\1. Project\CI Project\4.OrderTrackingWeb\Program.cs:line 4599
2026-07-23 23:03:10.124 +07:00 [ERR] [AS400 Polling] Exception for WC UCFHM.
System.Data.Odbc.OdbcException (0x80131937): ERROR [08S01] [IBM][System i Access ODBC Driver]Communication link failure. comm rc=11001 - CWBCO1004 - Remote address could not be resolved
   at System.Data.ProviderBase.DbConnectionFactory.TryGetConnection(DbConnection owningConnection, TaskCompletionSource`1 retry, DbConnectionOptions userOptions, DbConnectionInternal oldConnection, DbConnectionInternal& connection)
   at System.Data.ProviderBase.DbConnectionInternal.TryOpenConnectionInternal(DbConnection outerConnection, DbConnectionFactory connectionFactory, TaskCompletionSource`1 retry, DbConnectionOptions userOptions)
   at System.Data.Odbc.OdbcConnection.Open()
   at System.Data.Common.DbConnection.OpenAsync(CancellationToken cancellationToken)
--- End of stack trace from previous location ---
   at As400ScanPollingService.PollOnceAsync(IServiceScope scope, CancellationToken token) in C:\Users\logtran\OneDrive - Ashley Furniture Industries, Inc\1. Project\logtran\1. Project\CI Project\4.OrderTrackingWeb\Program.cs:line 4599
2026-07-23 23:03:10.146 +07:00 [ERR] [AS400 Polling] Exception for WC UCFCH.
System.Data.Odbc.OdbcException (0x80131937): ERROR [08S01] [IBM][System i Access ODBC Driver]Communication link failure. comm rc=11001 - CWBCO1004 - Remote address could not be resolved
   at System.Data.ProviderBase.DbConnectionFactory.TryGetConnection(DbConnection owningConnection, TaskCompletionSource`1 retry, DbConnectionOptions userOptions, DbConnectionInternal oldConnection, DbConnectionInternal& connection)
   at System.Data.ProviderBase.DbConnectionInternal.TryOpenConnectionInternal(DbConnection outerConnection, DbConnectionFactory connectionFactory, TaskCompletionSource`1 retry, DbConnectionOptions userOptions)
   at System.Data.Odbc.OdbcConnection.Open()
   at System.Data.Common.DbConnection.OpenAsync(CancellationToken cancellationToken)
--- End of stack trace from previous location ---
   at As400ScanPollingService.PollOnceAsync(IServiceScope scope, CancellationToken token) in C:\Users\logtran\OneDrive - Ashley Furniture Industries, Inc\1. Project\logtran\1. Project\CI Project\4.OrderTrackingWeb\Program.cs:line 4599
2026-07-23 23:03:10.165 +07:00 [ERR] [AS400 Polling] Exception for WC UCFCT.
System.Data.Odbc.OdbcException (0x80131937): ERROR [08S01] [IBM][System i Access ODBC Driver]Communication link failure. comm rc=11001 - CWBCO1004 - Remote address could not be resolved
   at System.Data.ProviderBase.DbConnectionFactory.TryGetConnection(DbConnection owningConnection, TaskCompletionSource`1 retry, DbConnectionOptions userOptions, DbConnectionInternal oldConnection, DbConnectionInternal& connection)
   at System.Data.ProviderBase.DbConnectionInternal.TryOpenConnectionInternal(DbConnection outerConnection, DbConnectionFactory connectionFactory, TaskCompletionSource`1 retry, DbConnectionOptions userOptions)
   at System.Data.Odbc.OdbcConnection.Open()
   at System.Data.Common.DbConnection.OpenAsync(CancellationToken cancellationToken)
--- End of stack trace from previous location ---
   at As400ScanPollingService.PollOnceAsync(IServiceScope scope, CancellationToken token) in C:\Users\logtran\OneDrive - Ashley Furniture Industries, Inc\1. Project\logtran\1. Project\CI Project\4.OrderTrackingWeb\Program.cs:line 4599
2026-07-23 23:03:10.180 +07:00 [ERR] [AS400 Polling] Exception for WC UPHD1.
System.Data.Odbc.OdbcException (0x80131937): ERROR [08S01] [IBM][System i Access ODBC Driver]Communication link failure. comm rc=11001 - CWBCO1004 - Remote address could not be resolved
   at System.Data.ProviderBase.DbConnectionFactory.TryGetConnection(DbConnection owningConnection, TaskCompletionSource`1 retry, DbConnectionOptions userOptions, DbConnectionInternal oldConnection, DbConnectionInternal& connection)
   at System.Data.ProviderBase.DbConnectionInternal.TryOpenConnectionInternal(DbConnection outerConnection, DbConnectionFactory connectionFactory, TaskCompletionSource`1 retry, DbConnectionOptions userOptions)
   at System.Data.Odbc.OdbcConnection.Open()
   at System.Data.Common.DbConnection.OpenAsync(CancellationToken cancellationToken)
--- End of stack trace from previous location ---
   at As400ScanPollingService.PollOnceAsync(IServiceScope scope, CancellationToken token) in C:\Users\logtran\OneDrive - Ashley Furniture Industries, Inc\1. Project\logtran\1. Project\CI Project\4.OrderTrackingWeb\Program.cs:line 4599
2026-07-23 23:03:10.195 +07:00 [ERR] [AS400 Polling] Exception for WC UCFCO.
System.Data.Odbc.OdbcException (0x80131937): ERROR [08S01] [IBM][System i Access ODBC Driver]Communication link failure. comm rc=11001 - CWBCO1004 - Remote address could not be resolved
   at System.Data.ProviderBase.DbConnectionFactory.TryGetConnection(DbConnection owningConnection, TaskCompletionSource`1 retry, DbConnectionOptions userOptions, DbConnectionInternal oldConnection, DbConnectionInternal& connection)
   at System.Data.ProviderBase.DbConnectionInternal.TryOpenConnectionInternal(DbConnection outerConnection, DbConnectionFactory connectionFactory, TaskCompletionSource`1 retry, DbConnectionOptions userOptions)
   at System.Data.Odbc.OdbcConnection.Open()
   at System.Data.Common.DbConnection.OpenAsync(CancellationToken cancellationToken)
--- End of stack trace from previous location ---
   at As400ScanPollingService.PollOnceAsync(IServiceScope scope, CancellationToken token) in C:\Users\logtran\OneDrive - Ashley Furniture Industries, Inc\1. Project\logtran\1. Project\CI Project\4.OrderTrackingWeb\Program.cs:line 4599
2026-07-23 23:03:10.217 +07:00 [ERR] [AS400 Polling] Exception for WC UCFHS.
System.Data.Odbc.OdbcException (0x80131937): ERROR [08S01] [IBM][System i Access ODBC Driver]Communication link failure. comm rc=11001 - CWBCO1004 - Remote address could not be resolved
   at System.Data.ProviderBase.DbConnectionFactory.TryGetConnection(DbConnection owningConnection, TaskCompletionSource`1 retry, DbConnectionOptions userOptions, DbConnectionInternal oldConnection, DbConnectionInternal& connection)
   at System.Data.ProviderBase.DbConnectionInternal.TryOpenConnectionInternal(DbConnection outerConnection, DbConnectionFactory connectionFactory, TaskCompletionSource`1 retry, DbConnectionOptions userOptions)
   at System.Data.Odbc.OdbcConnection.Open()
   at System.Data.Common.DbConnection.OpenAsync(CancellationToken cancellationToken)
--- End of stack trace from previous location ---
   at As400ScanPollingService.PollOnceAsync(IServiceScope scope, CancellationToken token) in C:\Users\logtran\OneDrive - Ashley Furniture Industries, Inc\1. Project\logtran\1. Project\CI Project\4.OrderTrackingWeb\Program.cs:line 4599
2026-07-23 23:03:10.235 +07:00 [ERR] [AS400 Polling] Exception for WC UPGL6.
System.Data.Odbc.OdbcException (0x80131937): ERROR [08S01] [IBM][System i Access ODBC Driver]Communication link failure. comm rc=11001 - CWBCO1004 - Remote address could not be resolved
   at System.Data.ProviderBase.DbConnectionFactory.TryGetConnection(DbConnection owningConnection, TaskCompletionSource`1 retry, DbConnectionOptions userOptions, DbConnectionInternal oldConnection, DbConnectionInternal& connection)
   at System.Data.ProviderBase.DbConnectionInternal.TryOpenConnectionInternal(DbConnection outerConnection, DbConnectionFactory connectionFactory, TaskCompletionSource`1 retry, DbConnectionOptions userOptions)
   at System.Data.Odbc.OdbcConnection.Open()
   at System.Data.Common.DbConnection.OpenAsync(CancellationToken cancellationToken)
--- End of stack trace from previous location ---
   at As400ScanPollingService.PollOnceAsync(IServiceScope scope, CancellationToken token) in C:\Users\logtran\OneDrive - Ashley Furniture Industries, Inc\1. Project\logtran\1. Project\CI Project\4.OrderTrackingWeb\Program.cs:line 4599
2026-07-23 23:03:10.255 +07:00 [ERR] [AS400 Polling] Exception for WC UPGL2.
System.Data.Odbc.OdbcException (0x80131937): ERROR [08S01] [IBM][System i Access ODBC Driver]Communication link failure. comm rc=11001 - CWBCO1004 - Remote address could not be resolved
   at System.Data.ProviderBase.DbConnectionFactory.TryGetConnection(DbConnection owningConnection, TaskCompletionSource`1 retry, DbConnectionOptions userOptions, DbConnectionInternal oldConnection, DbConnectionInternal& connection)
   at System.Data.ProviderBase.DbConnectionInternal.TryOpenConnectionInternal(DbConnection outerConnection, DbConnectionFactory connectionFactory, TaskCompletionSource`1 retry, DbConnectionOptions userOptions)
   at System.Data.Odbc.OdbcConnection.Open()
   at System.Data.Common.DbConnection.OpenAsync(CancellationToken cancellationToken)
--- End of stack trace from previous location ---
   at As400ScanPollingService.PollOnceAsync(IServiceScope scope, CancellationToken token) in C:\Users\logtran\OneDrive - Ashley Furniture Industries, Inc\1. Project\logtran\1. Project\CI Project\4.OrderTrackingWeb\Program.cs:line 4599
2026-07-23 23:03:10.276 +07:00 [ERR] [AS400 Polling] Exception for WC UFGL2.
System.Data.Odbc.OdbcException (0x80131937): ERROR [08S01] [IBM][System i Access ODBC Driver]Communication link failure. comm rc=11001 - CWBCO1004 - Remote address could not be resolved
   at System.Data.ProviderBase.DbConnectionFactory.TryGetConnection(DbConnection owningConnection, TaskCompletionSource`1 retry, DbConnectionOptions userOptions, DbConnectionInternal oldConnection, DbConnectionInternal& connection)
   at System.Data.ProviderBase.DbConnectionInternal.TryOpenConnectionInternal(DbConnection outerConnection, DbConnectionFactory connectionFactory, TaskCompletionSource`1 retry, DbConnectionOptions userOptions)
   at System.Data.Odbc.OdbcConnection.Open()
   at System.Data.Common.DbConnection.OpenAsync(CancellationToken cancellationToken)
--- End of stack trace from previous location ---
   at As400ScanPollingService.PollOnceAsync(IServiceScope scope, CancellationToken token) in C:\Users\logtran\OneDrive - Ashley Furniture Industries, Inc\1. Project\logtran\1. Project\CI Project\4.OrderTrackingWeb\Program.cs:line 4599
2026-07-23 23:03:10.297 +07:00 [ERR] [AS400 Polling] Exception for WC UPGL1.
System.Data.Odbc.OdbcException (0x80131937): ERROR [08S01] [IBM][System i Access ODBC Driver]Communication link failure. comm rc=11001 - CWBCO1004 - Remote address could not be resolved
   at System.Data.ProviderBase.DbConnectionFactory.TryGetConnection(DbConnection owningConnection, TaskCompletionSource`1 retry, DbConnectionOptions userOptions, DbConnectionInternal oldConnection, DbConnectionInternal& connection)
   at System.Data.ProviderBase.DbConnectionInternal.TryOpenConnectionInternal(DbConnection outerConnection, DbConnectionFactory connectionFactory, TaskCompletionSource`1 retry, DbConnectionOptions userOptions)
   at System.Data.Odbc.OdbcConnection.Open()
   at System.Data.Common.DbConnection.OpenAsync(CancellationToken cancellationToken)
--- End of stack trace from previous location ---
   at As400ScanPollingService.PollOnceAsync(IServiceScope scope, CancellationToken token) in C:\Users\logtran\OneDrive - Ashley Furniture Industries, Inc\1. Project\logtran\1. Project\CI Project\4.OrderTrackingWeb\Program.cs:line 4599
2026-07-23 23:03:10.313 +07:00 [ERR] [AS400 Polling] Exception for WC UPGL4.
System.Data.Odbc.OdbcException (0x80131937): ERROR [08S01] [IBM][System i Access ODBC Driver]Communication link failure. comm rc=11001 - CWBCO1004 - Remote address could not be resolved
   at System.Data.ProviderBase.DbConnectionFactory.TryGetConnection(DbConnection owningConnection, TaskCompletionSource`1 retry, DbConnectionOptions userOptions, DbConnectionInternal oldConnection, DbConnectionInternal& connection)
   at System.Data.ProviderBase.DbConnectionInternal.TryOpenConnectionInternal(DbConnection outerConnection, DbConnectionFactory connectionFactory, TaskCompletionSource`1 retry, DbConnectionOptions userOptions)
   at System.Data.Odbc.OdbcConnection.Open()
   at System.Data.Common.DbConnection.OpenAsync(CancellationToken cancellationToken)
--- End of stack trace from previous location ---
   at As400ScanPollingService.PollOnceAsync(IServiceScope scope, CancellationToken token) in C:\Users\logtran\OneDrive - Ashley Furniture Industries, Inc\1. Project\logtran\1. Project\CI Project\4.OrderTrackingWeb\Program.cs:line 4599
2026-07-23 23:03:10.333 +07:00 [ERR] [AS400 Polling] Exception for WC UPGL3.
System.Data.Odbc.OdbcException (0x80131937): ERROR [08S01] [IBM][System i Access ODBC Driver]Communication link failure. comm rc=11001 - CWBCO1004 - Remote address could not be resolved
   at System.Data.ProviderBase.DbConnectionFactory.TryGetConnection(DbConnection owningConnection, TaskCompletionSource`1 retry, DbConnectionOptions userOptions, DbConnectionInternal oldConnection, DbConnectionInternal& connection)
   at System.Data.ProviderBase.DbConnectionInternal.TryOpenConnectionInternal(DbConnection outerConnection, DbConnectionFactory connectionFactory, TaskCompletionSource`1 retry, DbConnectionOptions userOptions)
   at System.Data.Odbc.OdbcConnection.Open()
   at System.Data.Common.DbConnection.OpenAsync(CancellationToken cancellationToken)
--- End of stack trace from previous location ---
   at As400ScanPollingService.PollOnceAsync(IServiceScope scope, CancellationToken token) in C:\Users\logtran\OneDrive - Ashley Furniture Industries, Inc\1. Project\logtran\1. Project\CI Project\4.OrderTrackingWeb\Program.cs:line 4599
2026-07-23 23:05:35.984 +07:00 [ERR] [AS400 Polling] Exception for WC UCFHS.
System.Data.Odbc.OdbcException (0x80131937): ERROR [HYT00] [IBM][System i Access ODBC Driver]Connection login timed out.
   at System.Data.ProviderBase.DbConnectionFactory.TryGetConnection(DbConnection owningConnection, TaskCompletionSource`1 retry, DbConnectionOptions userOptions, DbConnectionInternal oldConnection, DbConnectionInternal& connection)
   at System.Data.ProviderBase.DbConnectionInternal.TryOpenConnectionInternal(DbConnection outerConnection, DbConnectionFactory connectionFactory, TaskCompletionSource`1 retry, DbConnectionOptions userOptions)
   at System.Data.Odbc.OdbcConnection.Open()
   at System.Data.Common.DbConnection.OpenAsync(CancellationToken cancellationToken)
--- End of stack trace from previous location ---
   at As400ScanPollingService.PollOnceAsync(IServiceScope scope, CancellationToken token) in C:\Users\logtran\OneDrive - Ashley Furniture Industries, Inc\1. Project\logtran\1. Project\CI Project\4.OrderTrackingWeb\Program.cs:line 4599
2026-07-23 23:05:47.054 +07:00 [ERR] [AS400 Polling] Exception for WC UPGL6.
System.InvalidOperationException: The connection has been disabled.
 ---> System.Data.Odbc.OdbcException (0x80131937): ERROR [08S01] [IBM][System i Access ODBC Driver]Communication link failure. comm rc=8413 - CWBCO1054 - A user-specified time-out occurred while sending or receiving data
   --- End of inner exception stack trace ---
   at System.Data.Odbc.OdbcConnection.ConnectionIsAlive(Exception innerException)
   at System.Data.Odbc.OdbcConnection.HandleErrorNoThrow(OdbcHandle hrHandle, SQLRETURN retcode)
   at System.Data.Odbc.OdbcCommand.ExecuteReaderObject(CommandBehavior behavior, String method, Boolean needReader, Object[] methodArguments, SQL_API odbcApiMethod)
   at System.Data.Odbc.OdbcCommand.ExecuteDbDataReader(CommandBehavior behavior)
   at System.Data.Common.DbCommand.ExecuteDbDataReaderAsync(CommandBehavior behavior, CancellationToken cancellationToken)
--- End of stack trace from previous location ---
   at As400ScanPollingService.PollOnceAsync(IServiceScope scope, CancellationToken token) in C:\Users\logtran\OneDrive - Ashley Furniture Industries, Inc\1. Project\logtran\1. Project\CI Project\4.OrderTrackingWeb\Program.cs:line 4614
2026-07-23 23:06:02.242 +07:00 [ERR] [AS400 Polling] Exception for WC UPGL2.
System.Data.Odbc.OdbcException (0x80131937): ERROR [HYT00] [IBM][System i Access ODBC Driver]Connection login timed out.
   at System.Data.ProviderBase.DbConnectionFactory.TryGetConnection(DbConnection owningConnection, TaskCompletionSource`1 retry, DbConnectionOptions userOptions, DbConnectionInternal oldConnection, DbConnectionInternal& connection)
   at System.Data.ProviderBase.DbConnectionInternal.TryOpenConnectionInternal(DbConnection outerConnection, DbConnectionFactory connectionFactory, TaskCompletionSource`1 retry, DbConnectionOptions userOptions)
   at System.Data.Odbc.OdbcConnection.Open()
   at System.Data.Common.DbConnection.OpenAsync(CancellationToken cancellationToken)
--- End of stack trace from previous location ---
   at As400ScanPollingService.PollOnceAsync(IServiceScope scope, CancellationToken token) in C:\Users\logtran\OneDrive - Ashley Furniture Industries, Inc\1. Project\logtran\1. Project\CI Project\4.OrderTrackingWeb\Program.cs:line 4599
2026-07-23 23:06:17.407 +07:00 [ERR] [AS400 Polling] Exception for WC UFGL2.
System.Data.Odbc.OdbcException (0x80131937): ERROR [HYT00] [IBM][System i Access ODBC Driver]Connection login timed out.
   at System.Data.ProviderBase.DbConnectionFactory.TryGetConnection(DbConnection owningConnection, TaskCompletionSource`1 retry, DbConnectionOptions userOptions, DbConnectionInternal oldConnection, DbConnectionInternal& connection)
   at System.Data.ProviderBase.DbConnectionInternal.TryOpenConnectionInternal(DbConnection outerConnection, DbConnectionFactory connectionFactory, TaskCompletionSource`1 retry, DbConnectionOptions userOptions)
   at System.Data.Odbc.OdbcConnection.Open()
   at System.Data.Common.DbConnection.OpenAsync(CancellationToken cancellationToken)
--- End of stack trace from previous location ---
   at As400ScanPollingService.PollOnceAsync(IServiceScope scope, CancellationToken token) in C:\Users\logtran\OneDrive - Ashley Furniture Industries, Inc\1. Project\logtran\1. Project\CI Project\4.OrderTrackingWeb\Program.cs:line 4599
2026-07-23 23:07:01.689 +07:00 [ERR] [AS400 Polling] Exception for WC UPGL1.
System.Data.Odbc.OdbcException (0x80131937): ERROR [HYT00] [IBM][System i Access ODBC Driver]Connection login timed out.
   at System.Data.ProviderBase.DbConnectionFactory.TryGetConnection(DbConnection owningConnection, TaskCompletionSource`1 retry, DbConnectionOptions userOptions, DbConnectionInternal oldConnection, DbConnectionInternal& connection)
   at System.Data.ProviderBase.DbConnectionInternal.TryOpenConnectionInternal(DbConnection outerConnection, DbConnectionFactory connectionFactory, TaskCompletionSource`1 retry, DbConnectionOptions userOptions)
   at System.Data.Odbc.OdbcConnection.Open()
   at System.Data.Common.DbConnection.OpenAsync(CancellationToken cancellationToken)
--- End of stack trace from previous location ---
   at As400ScanPollingService.PollOnceAsync(IServiceScope scope, CancellationToken token) in C:\Users\logtran\OneDrive - Ashley Furniture Industries, Inc\1. Project\logtran\1. Project\CI Project\4.OrderTrackingWeb\Program.cs:line 4599
2026-07-23 23:07:29.482 +07:00 [ERR] [AS400 Polling] Exception for WC UPGL4.
System.Data.Odbc.OdbcException (0x80131937): ERROR [08S01] [IBM][System i Access ODBC Driver]Communication link failure. comm rc=11001 - CWBCO1004 - Remote address could not be resolved
   at System.Data.ProviderBase.DbConnectionFactory.TryGetConnection(DbConnection owningConnection, TaskCompletionSource`1 retry, DbConnectionOptions userOptions, DbConnectionInternal oldConnection, DbConnectionInternal& connection)
   at System.Data.ProviderBase.DbConnectionInternal.TryOpenConnectionInternal(DbConnection outerConnection, DbConnectionFactory connectionFactory, TaskCompletionSource`1 retry, DbConnectionOptions userOptions)
   at System.Data.Odbc.OdbcConnection.Open()
   at System.Data.Common.DbConnection.OpenAsync(CancellationToken cancellationToken)
--- End of stack trace from previous location ---
   at As400ScanPollingService.PollOnceAsync(IServiceScope scope, CancellationToken token) in C:\Users\logtran\OneDrive - Ashley Furniture Industries, Inc\1. Project\logtran\1. Project\CI Project\4.OrderTrackingWeb\Program.cs:line 4599
2026-07-23 23:07:41.536 +07:00 [ERR] [AS400 Polling] Exception for WC UPGL3.
System.Data.Odbc.OdbcException (0x80131937): ERROR [08S01] [IBM][System i Access ODBC Driver]Communication link failure. comm rc=11001 - CWBCO1004 - Remote address could not be resolved
   at System.Data.ProviderBase.DbConnectionFactory.TryGetConnection(DbConnection owningConnection, TaskCompletionSource`1 retry, DbConnectionOptions userOptions, DbConnectionInternal oldConnection, DbConnectionInternal& connection)
   at System.Data.ProviderBase.DbConnectionInternal.TryOpenConnectionInternal(DbConnection outerConnection, DbConnectionFactory connectionFactory, TaskCompletionSource`1 retry, DbConnectionOptions userOptions)
   at System.Data.Odbc.OdbcConnection.Open()
   at System.Data.Common.DbConnection.OpenAsync(CancellationToken cancellationToken)
--- End of stack trace from previous location ---
   at As400ScanPollingService.PollOnceAsync(IServiceScope scope, CancellationToken token) in C:\Users\logtran\OneDrive - Ashley Furniture Industries, Inc\1. Project\logtran\1. Project\CI Project\4.OrderTrackingWeb\Program.cs:line 4599
2026-07-23 23:08:42.554 +07:00 [ERR] [AS400 Polling] Error reading schedule files.
System.IO.IOException: The network path was not found. : 'V:\UPH Support\Public\B2\Data\nhung\LEADTIME B2\LEADTIME UPH SUPPORT'
   at System.IO.Enumeration.FileSystemEnumerator`1.Init()
   at System.IO.Enumeration.FileSystemEnumerableFactory.UserFiles(String directory, String expression, EnumerationOptions options)
   at FileHelpers.FindLatestScheduleFile(DateTime targetDate, String schedulePath) in C:\Users\logtran\OneDrive - Ashley Furniture Industries, Inc\1. Project\logtran\1. Project\CI Project\4.OrderTrackingWeb\Program.cs:line 4799
   at As400ScanPollingService.PollOnceAsync(IServiceScope scope, CancellationToken token) in C:\Users\logtran\OneDrive - Ashley Furniture Industries, Inc\1. Project\logtran\1. Project\CI Project\4.OrderTrackingWeb\Program.cs:line 4483
2026-07-23 23:08:52.571 +07:00 [ERR] [AS400 Polling] Error reading schedule files.
System.IO.IOException: The network path was not found. : 'V:\UPH Support\Public\B2\Data\nhung\LEADTIME B2\LEADTIME UPH SUPPORT'
   at System.IO.Enumeration.FileSystemEnumerator`1.Init()
   at System.IO.Enumeration.FileSystemEnumerableFactory.UserFiles(String directory, String expression, EnumerationOptions options)
   at FileHelpers.FindLatestScheduleFile(DateTime targetDate, String schedulePath) in C:\Users\logtran\OneDrive - Ashley Furniture Industries, Inc\1. Project\logtran\1. Project\CI Project\4.OrderTrackingWeb\Program.cs:line 4799
   at As400ScanPollingService.PollOnceAsync(IServiceScope scope, CancellationToken token) in C:\Users\logtran\OneDrive - Ashley Furniture Industries, Inc\1. Project\logtran\1. Project\CI Project\4.OrderTrackingWeb\Program.cs:line 4483
2026-07-23 23:09:02.585 +07:00 [ERR] [AS400 Polling] Error reading schedule files.
System.IO.IOException: The network path was not found. : 'V:\UPH Support\Public\B2\Data\nhung\LEADTIME B2\LEADTIME UPH SUPPORT'
   at System.IO.Enumeration.FileSystemEnumerator`1.Init()
   at System.IO.Enumeration.FileSystemEnumerableFactory.UserFiles(String directory, String expression, EnumerationOptions options)
   at FileHelpers.FindLatestScheduleFile(DateTime targetDate, String schedulePath) in C:\Users\logtran\OneDrive - Ashley Furniture Industries, Inc\1. Project\logtran\1. Project\CI Project\4.OrderTrackingWeb\Program.cs:line 4799
   at As400ScanPollingService.PollOnceAsync(IServiceScope scope, CancellationToken token) in C:\Users\logtran\OneDrive - Ashley Furniture Industries, Inc\1. Project\logtran\1. Project\CI Project\4.OrderTrackingWeb\Program.cs:line 4483
2026-07-23 23:09:33.556 +07:00 [ERR] [AS400 Polling] Error reading schedule files.
System.IO.IOException: The network path was not found. : 'V:\UPH Support\Public\B2\Data\nhung\LEADTIME B2\LEADTIME UPH SUPPORT'
   at System.IO.Enumeration.FileSystemEnumerator`1.Init()
   at System.IO.Enumeration.FileSystemEnumerableFactory.UserFiles(String directory, String expression, EnumerationOptions options)
   at FileHelpers.FindLatestScheduleFile(DateTime targetDate, String schedulePath) in C:\Users\logtran\OneDrive - Ashley Furniture Industries, Inc\1. Project\logtran\1. Project\CI Project\4.OrderTrackingWeb\Program.cs:line 4799
   at As400ScanPollingService.PollOnceAsync(IServiceScope scope, CancellationToken token) in C:\Users\logtran\OneDrive - Ashley Furniture Industries, Inc\1. Project\logtran\1. Project\CI Project\4.OrderTrackingWeb\Program.cs:line 4483
2026-07-23 23:09:43.569 +07:00 [ERR] [AS400 Polling] Error reading schedule files.
System.IO.IOException: The network path was not found. : 'V:\UPH Support\Public\B2\Data\nhung\LEADTIME B2\LEADTIME UPH SUPPORT'
   at System.IO.Enumeration.FileSystemEnumerator`1.Init()
   at System.IO.Enumeration.FileSystemEnumerableFactory.UserFiles(String directory, String expression, EnumerationOptions options)
   at FileHelpers.FindLatestScheduleFile(DateTime targetDate, String schedulePath) in C:\Users\logtran\OneDrive - Ashley Furniture Industries, Inc\1. Project\logtran\1. Project\CI Project\4.OrderTrackingWeb\Program.cs:line 4799
   at As400ScanPollingService.PollOnceAsync(IServiceScope scope, CancellationToken token) in C:\Users\logtran\OneDrive - Ashley Furniture Industries, Inc\1. Project\logtran\1. Project\CI Project\4.OrderTrackingWeb\Program.cs:line 4483
2026-07-23 23:09:53.560 +07:00 [ERR] [AS400 Polling] Error reading schedule files.
System.IO.IOException: The network path was not found. : 'V:\UPH Support\Public\B2\Data\nhung\LEADTIME B2\LEADTIME UPH SUPPORT'
   at System.IO.Enumeration.FileSystemEnumerator`1.Init()
   at System.IO.Enumeration.FileSystemEnumerableFactory.UserFiles(String directory, String expression, EnumerationOptions options)
   at FileHelpers.FindLatestScheduleFile(DateTime targetDate, String schedulePath) in C:\Users\logtran\OneDrive - Ashley Furniture Industries, Inc\1. Project\logtran\1. Project\CI Project\4.OrderTrackingWeb\Program.cs:line 4799
   at As400ScanPollingService.PollOnceAsync(IServiceScope scope, CancellationToken token) in C:\Users\logtran\OneDrive - Ashley Furniture Industries, Inc\1. Project\logtran\1. Project\CI Project\4.OrderTrackingWeb\Program.cs:line 4483
2026-07-23 23:10:24.529 +07:00 [ERR] [AS400 Polling] Error reading schedule files.
System.IO.IOException: The network path was not found. : 'V:\UPH Support\Public\B2\Data\nhung\LEADTIME B2\LEADTIME UPH SUPPORT'
   at System.IO.Enumeration.FileSystemEnumerator`1.Init()
   at System.IO.Enumeration.FileSystemEnumerableFactory.UserFiles(String directory, String expression, EnumerationOptions options)
   at FileHelpers.FindLatestScheduleFile(DateTime targetDate, String schedulePath) in C:\Users\logtran\OneDrive - Ashley Furniture Industries, Inc\1. Project\logtran\1. Project\CI Project\4.OrderTrackingWeb\Program.cs:line 4799
   at As400ScanPollingService.PollOnceAsync(IServiceScope scope, CancellationToken token) in C:\Users\logtran\OneDrive - Ashley Furniture Industries, Inc\1. Project\logtran\1. Project\CI Project\4.OrderTrackingWeb\Program.cs:line 4483
2026-07-23 23:10:34.538 +07:00 [ERR] [AS400 Polling] Error reading schedule files.
System.IO.IOException: The network path was not found. : 'V:\UPH Support\Public\B2\Data\nhung\LEADTIME B2\LEADTIME UPH SUPPORT'
   at System.IO.Enumeration.FileSystemEnumerator`1.Init()
   at System.IO.Enumeration.FileSystemEnumerableFactory.UserFiles(String directory, String expression, EnumerationOptions options)
   at FileHelpers.FindLatestScheduleFile(DateTime targetDate, String schedulePath) in C:\Users\logtran\OneDrive - Ashley Furniture Industries, Inc\1. Project\logtran\1. Project\CI Project\4.OrderTrackingWeb\Program.cs:line 4799
   at As400ScanPollingService.PollOnceAsync(IServiceScope scope, CancellationToken token) in C:\Users\logtran\OneDrive - Ashley Furniture Industries, Inc\1. Project\logtran\1. Project\CI Project\4.OrderTrackingWeb\Program.cs:line 4483
2026-07-23 23:10:44.535 +07:00 [ERR] [AS400 Polling] Error reading schedule files.
System.IO.IOException: The network path was not found. : 'V:\UPH Support\Public\B2\Data\nhung\LEADTIME B2\LEADTIME UPH SUPPORT'
   at System.IO.Enumeration.FileSystemEnumerator`1.Init()
   at System.IO.Enumeration.FileSystemEnumerableFactory.UserFiles(String directory, String expression, EnumerationOptions options)
   at FileHelpers.FindLatestScheduleFile(DateTime targetDate, String schedulePath) in C:\Users\logtran\OneDrive - Ashley Furniture Industries, Inc\1. Project\logtran\1. Project\CI Project\4.OrderTrackingWeb\Program.cs:line 4799
   at As400ScanPollingService.PollOnceAsync(IServiceScope scope, CancellationToken token) in C:\Users\logtran\OneDrive - Ashley Furniture Industries, Inc\1. Project\logtran\1. Project\CI Project\4.OrderTrackingWeb\Program.cs:line 4483
2026-07-23 23:11:15.510 +07:00 [ERR] [AS400 Polling] Error reading schedule files.
System.IO.IOException: The network path was not found. : 'V:\UPH Support\Public\B2\Data\nhung\LEADTIME B2\LEADTIME UPH SUPPORT'
   at System.IO.Enumeration.FileSystemEnumerator`1.Init()
   at System.IO.Enumeration.FileSystemEnumerableFactory.UserFiles(String directory, String expression, EnumerationOptions options)
   at FileHelpers.FindLatestScheduleFile(DateTime targetDate, String schedulePath) in C:\Users\logtran\OneDrive - Ashley Furniture Industries, Inc\1. Project\logtran\1. Project\CI Project\4.OrderTrackingWeb\Program.cs:line 4799
   at As400ScanPollingService.PollOnceAsync(IServiceScope scope, CancellationToken token) in C:\Users\logtran\OneDrive - Ashley Furniture Industries, Inc\1. Project\logtran\1. Project\CI Project\4.OrderTrackingWeb\Program.cs:line 4483
2026-07-23 23:11:25.495 +07:00 [ERR] [AS400 Polling] Error reading schedule files.
System.IO.IOException: The network path was not found. : 'V:\UPH Support\Public\B2\Data\nhung\LEADTIME B2\LEADTIME UPH SUPPORT'
   at System.IO.Enumeration.FileSystemEnumerator`1.Init()
   at System.IO.Enumeration.FileSystemEnumerableFactory.UserFiles(String directory, String expression, EnumerationOptions options)
   at FileHelpers.FindLatestScheduleFile(DateTime targetDate, String schedulePath) in C:\Users\logtran\OneDrive - Ashley Furniture Industries, Inc\1. Project\logtran\1. Project\CI Project\4.OrderTrackingWeb\Program.cs:line 4799
   at As400ScanPollingService.PollOnceAsync(IServiceScope scope, CancellationToken token) in C:\Users\logtran\OneDrive - Ashley Furniture Industries, Inc\1. Project\logtran\1. Project\CI Project\4.OrderTrackingWeb\Program.cs:line 4483
2026-07-23 23:11:35.485 +07:00 [ERR] [AS400 Polling] Error reading schedule files.
System.IO.IOException: The network path was not found. : 'V:\UPH Support\Public\B2\Data\nhung\LEADTIME B2\LEADTIME UPH SUPPORT'
   at System.IO.Enumeration.FileSystemEnumerator`1.Init()
   at System.IO.Enumeration.FileSystemEnumerableFactory.UserFiles(String directory, String expression, EnumerationOptions options)
   at FileHelpers.FindLatestScheduleFile(DateTime targetDate, String schedulePath) in C:\Users\logtran\OneDrive - Ashley Furniture Industries, Inc\1. Project\logtran\1. Project\CI Project\4.OrderTrackingWeb\Program.cs:line 4799
   at As400ScanPollingService.PollOnceAsync(IServiceScope scope, CancellationToken token) in C:\Users\logtran\OneDrive - Ashley Furniture Industries, Inc\1. Project\logtran\1. Project\CI Project\4.OrderTrackingWeb\Program.cs:line 4483
2026-07-23 23:12:06.444 +07:00 [ERR] [AS400 Polling] Error reading schedule files.
System.IO.IOException: The network path was not found. : 'V:\UPH Support\Public\B2\Data\nhung\LEADTIME B2\LEADTIME UPH SUPPORT'
   at System.IO.Enumeration.FileSystemEnumerator`1.Init()
   at System.IO.Enumeration.FileSystemEnumerableFactory.UserFiles(String directory, String expression, EnumerationOptions options)
   at FileHelpers.FindLatestScheduleFile(DateTime targetDate, String schedulePath) in C:\Users\logtran\OneDrive - Ashley Furniture Industries, Inc\1. Project\logtran\1. Project\CI Project\4.OrderTrackingWeb\Program.cs:line 4799
   at As400ScanPollingService.PollOnceAsync(IServiceScope scope, CancellationToken token) in C:\Users\logtran\OneDrive - Ashley Furniture Industries, Inc\1. Project\logtran\1. Project\CI Project\4.OrderTrackingWeb\Program.cs:line 4483
2026-07-23 23:12:16.431 +07:00 [ERR] [AS400 Polling] Error reading schedule files.
System.IO.IOException: The network path was not found. : 'V:\UPH Support\Public\B2\Data\nhung\LEADTIME B2\LEADTIME UPH SUPPORT'
   at System.IO.Enumeration.FileSystemEnumerator`1.Init()
   at System.IO.Enumeration.FileSystemEnumerableFactory.UserFiles(String directory, String expression, EnumerationOptions options)
   at FileHelpers.FindLatestScheduleFile(DateTime targetDate, String schedulePath) in C:\Users\logtran\OneDrive - Ashley Furniture Industries, Inc\1. Project\logtran\1. Project\CI Project\4.OrderTrackingWeb\Program.cs:line 4799
   at As400ScanPollingService.PollOnceAsync(IServiceScope scope, CancellationToken token) in C:\Users\logtran\OneDrive - Ashley Furniture Industries, Inc\1. Project\logtran\1. Project\CI Project\4.OrderTrackingWeb\Program.cs:line 4483
2026-07-23 23:12:26.422 +07:00 [ERR] [AS400 Polling] Error reading schedule files.
System.IO.IOException: The network path was not found. : 'V:\UPH Support\Public\B2\Data\nhung\LEADTIME B2\LEADTIME UPH SUPPORT'
   at System.IO.Enumeration.FileSystemEnumerator`1.Init()
   at System.IO.Enumeration.FileSystemEnumerableFactory.UserFiles(String directory, String expression, EnumerationOptions options)
   at FileHelpers.FindLatestScheduleFile(DateTime targetDate, String schedulePath) in C:\Users\logtran\OneDrive - Ashley Furniture Industries, Inc\1. Project\logtran\1. Project\CI Project\4.OrderTrackingWeb\Program.cs:line 4799
   at As400ScanPollingService.PollOnceAsync(IServiceScope scope, CancellationToken token) in C:\Users\logtran\OneDrive - Ashley Furniture Industries, Inc\1. Project\logtran\1. Project\CI Project\4.OrderTrackingWeb\Program.cs:line 4483
2026-07-23 23:12:57.386 +07:00 [ERR] [AS400 Polling] Error reading schedule files.
System.IO.IOException: The network path was not found. : 'V:\UPH Support\Public\B2\Data\nhung\LEADTIME B2\LEADTIME UPH SUPPORT'
   at System.IO.Enumeration.FileSystemEnumerator`1.Init()
   at System.IO.Enumeration.FileSystemEnumerableFactory.UserFiles(String directory, String expression, EnumerationOptions options)
   at FileHelpers.FindLatestScheduleFile(DateTime targetDate, String schedulePath) in C:\Users\logtran\OneDrive - Ashley Furniture Industries, Inc\1. Project\logtran\1. Project\CI Project\4.OrderTrackingWeb\Program.cs:line 4799
   at As400ScanPollingService.PollOnceAsync(IServiceScope scope, CancellationToken token) in C:\Users\logtran\OneDrive - Ashley Furniture Industries, Inc\1. Project\logtran\1. Project\CI Project\4.OrderTrackingWeb\Program.cs:line 4483
2026-07-23 23:13:07.378 +07:00 [ERR] [AS400 Polling] Error reading schedule files.
System.IO.IOException: The network path was not found. : 'V:\UPH Support\Public\B2\Data\nhung\LEADTIME B2\LEADTIME UPH SUPPORT'
   at System.IO.Enumeration.FileSystemEnumerator`1.Init()
   at System.IO.Enumeration.FileSystemEnumerableFactory.UserFiles(String directory, String expression, EnumerationOptions options)
   at FileHelpers.FindLatestScheduleFile(DateTime targetDate, String schedulePath) in C:\Users\logtran\OneDrive - Ashley Furniture Industries, Inc\1. Project\logtran\1. Project\CI Project\4.OrderTrackingWeb\Program.cs:line 4799
   at As400ScanPollingService.PollOnceAsync(IServiceScope scope, CancellationToken token) in C:\Users\logtran\OneDrive - Ashley Furniture Industries, Inc\1. Project\logtran\1. Project\CI Project\4.OrderTrackingWeb\Program.cs:line 4483
2026-07-23 23:13:17.376 +07:00 [ERR] [AS400 Polling] Error reading schedule files.
System.IO.IOException: The network path was not found. : 'V:\UPH Support\Public\B2\Data\nhung\LEADTIME B2\LEADTIME UPH SUPPORT'
   at System.IO.Enumeration.FileSystemEnumerator`1.Init()
   at System.IO.Enumeration.FileSystemEnumerableFactory.UserFiles(String directory, String expression, EnumerationOptions options)
   at FileHelpers.FindLatestScheduleFile(DateTime targetDate, String schedulePath) in C:\Users\logtran\OneDrive - Ashley Furniture Industries, Inc\1. Project\logtran\1. Project\CI Project\4.OrderTrackingWeb\Program.cs:line 4799
   at As400ScanPollingService.PollOnceAsync(IServiceScope scope, CancellationToken token) in C:\Users\logtran\OneDrive - Ashley Furniture Industries, Inc\1. Project\logtran\1. Project\CI Project\4.OrderTrackingWeb\Program.cs:line 4483
2026-07-23 23:13:48.356 +07:00 [ERR] [AS400 Polling] Error reading schedule files.
System.IO.IOException: The network path was not found. : 'V:\UPH Support\Public\B2\Data\nhung\LEADTIME B2\LEADTIME UPH SUPPORT'
   at System.IO.Enumeration.FileSystemEnumerator`1.Init()
   at System.IO.Enumeration.FileSystemEnumerableFactory.UserFiles(String directory, String expression, EnumerationOptions options)
   at FileHelpers.FindLatestScheduleFile(DateTime targetDate, String schedulePath) in C:\Users\logtran\OneDrive - Ashley Furniture Industries, Inc\1. Project\logtran\1. Project\CI Project\4.OrderTrackingWeb\Program.cs:line 4799
   at As400ScanPollingService.PollOnceAsync(IServiceScope scope, CancellationToken token) in C:\Users\logtran\OneDrive - Ashley Furniture Industries, Inc\1. Project\logtran\1. Project\CI Project\4.OrderTrackingWeb\Program.cs:line 4483
2026-07-23 23:13:58.356 +07:00 [ERR] [AS400 Polling] Error reading schedule files.
System.IO.IOException: The network path was not found. : 'V:\UPH Support\Public\B2\Data\nhung\LEADTIME B2\LEADTIME UPH SUPPORT'
   at System.IO.Enumeration.FileSystemEnumerator`1.Init()
   at System.IO.Enumeration.FileSystemEnumerableFactory.UserFiles(String directory, String expression, EnumerationOptions options)
   at FileHelpers.FindLatestScheduleFile(DateTime targetDate, String schedulePath) in C:\Users\logtran\OneDrive - Ashley Furniture Industries, Inc\1. Project\logtran\1. Project\CI Project\4.OrderTrackingWeb\Program.cs:line 4799
   at As400ScanPollingService.PollOnceAsync(IServiceScope scope, CancellationToken token) in C:\Users\logtran\OneDrive - Ashley Furniture Industries, Inc\1. Project\logtran\1. Project\CI Project\4.OrderTrackingWeb\Program.cs:line 4483
2026-07-23 23:23:36.115 +07:00 [ERR] [AS400 Polling] Error reading schedule files.
System.IO.IOException: The network path was not found. : 'V:\UPH Support\Public\B2\Data\nhung\LEADTIME B2\GLUE LINE\GLUE FOAM 23072026.xlsx'
   at System.IO.Strategies.OSFileStreamStrategy.Read(Span`1 buffer)
   at System.IO.Strategies.BufferedFileStreamStrategy.ReadSpan(Span`1 destination, ArraySegment`1 arraySegment)
   at System.IO.FileStream.Read(Span`1 buffer)
   at System.IO.Compression.ZipArchiveEntry.IsOpenable(Boolean needToUncompress, Boolean needToLoadIntoMemory, String& message)
   at System.IO.Compression.ZipArchiveEntry.Open()
   at ExcelDataReader.Core.OpenXmlFormat.ZipWorker.GetStylesReader()
   at ExcelDataReader.Core.OpenXmlFormat.XlsxWorkbook.ReadStyles()
   at ExcelDataReader.ExcelReaderFactory.CreateReader(Stream fileStream, ExcelReaderConfiguration configuration)
   at As400ScanPollingService.PollOnceAsync(IServiceScope scope, CancellationToken token) in C:\Users\logtran\OneDrive - Ashley Furniture Industries, Inc\1. Project\logtran\1. Project\CI Project\4.OrderTrackingWeb\Program.cs:line 4537
2026-07-23 23:23:46.155 +07:00 [ERR] [AS400 Polling] Error reading schedule files.
System.IO.IOException: The network path was not found. : 'V:\UPH Support\Public\B2\Data\nhung\LEADTIME B2\LEADTIME UPH SUPPORT'
   at System.IO.Enumeration.FileSystemEnumerator`1.Init()
   at System.IO.Enumeration.FileSystemEnumerableFactory.UserFiles(String directory, String expression, EnumerationOptions options)
   at FileHelpers.FindLatestScheduleFile(DateTime targetDate, String schedulePath) in C:\Users\logtran\OneDrive - Ashley Furniture Industries, Inc\1. Project\logtran\1. Project\CI Project\4.OrderTrackingWeb\Program.cs:line 4799
   at As400ScanPollingService.PollOnceAsync(IServiceScope scope, CancellationToken token) in C:\Users\logtran\OneDrive - Ashley Furniture Industries, Inc\1. Project\logtran\1. Project\CI Project\4.OrderTrackingWeb\Program.cs:line 4483
2026-07-23 23:23:56.160 +07:00 [ERR] [AS400 Polling] Error reading schedule files.
System.IO.IOException: The network path was not found. : 'V:\UPH Support\Public\B2\Data\nhung\LEADTIME B2\LEADTIME UPH SUPPORT'
   at System.IO.Enumeration.FileSystemEnumerator`1.Init()
   at System.IO.Enumeration.FileSystemEnumerableFactory.UserFiles(String directory, String expression, EnumerationOptions options)
   at FileHelpers.FindLatestScheduleFile(DateTime targetDate, String schedulePath) in C:\Users\logtran\OneDrive - Ashley Furniture Industries, Inc\1. Project\logtran\1. Project\CI Project\4.OrderTrackingWeb\Program.cs:line 4799
   at As400ScanPollingService.PollOnceAsync(IServiceScope scope, CancellationToken token) in C:\Users\logtran\OneDrive - Ashley Furniture Industries, Inc\1. Project\logtran\1. Project\CI Project\4.OrderTrackingWeb\Program.cs:line 4483
2026-07-23 23:24:27.196 +07:00 [ERR] [AS400 Polling] Error reading schedule files.
System.IO.IOException: The network path was not found. : 'V:\UPH Support\Public\B2\Data\nhung\LEADTIME B2\LEADTIME UPH SUPPORT'
   at System.IO.Enumeration.FileSystemEnumerator`1.Init()
   at System.IO.Enumeration.FileSystemEnumerableFactory.UserFiles(String directory, String expression, EnumerationOptions options)
   at FileHelpers.FindLatestScheduleFile(DateTime targetDate, String schedulePath) in C:\Users\logtran\OneDrive - Ashley Furniture Industries, Inc\1. Project\logtran\1. Project\CI Project\4.OrderTrackingWeb\Program.cs:line 4799
   at As400ScanPollingService.PollOnceAsync(IServiceScope scope, CancellationToken token) in C:\Users\logtran\OneDrive - Ashley Furniture Industries, Inc\1. Project\logtran\1. Project\CI Project\4.OrderTrackingWeb\Program.cs:line 4483
2026-07-23 23:24:37.224 +07:00 [ERR] [AS400 Polling] Error reading schedule files.
System.IO.IOException: The network path was not found. : 'V:\UPH Support\Public\B2\Data\nhung\LEADTIME B2\LEADTIME UPH SUPPORT'
   at System.IO.Enumeration.FileSystemEnumerator`1.Init()
   at System.IO.Enumeration.FileSystemEnumerableFactory.UserFiles(String directory, String expression, EnumerationOptions options)
   at FileHelpers.FindLatestScheduleFile(DateTime targetDate, String schedulePath) in C:\Users\logtran\OneDrive - Ashley Furniture Industries, Inc\1. Project\logtran\1. Project\CI Project\4.OrderTrackingWeb\Program.cs:line 4799
   at As400ScanPollingService.PollOnceAsync(IServiceScope scope, CancellationToken token) in C:\Users\logtran\OneDrive - Ashley Furniture Industries, Inc\1. Project\logtran\1. Project\CI Project\4.OrderTrackingWeb\Program.cs:line 4483
2026-07-23 23:24:47.240 +07:00 [ERR] [AS400 Polling] Error reading schedule files.
System.IO.IOException: The network path was not found. : 'V:\UPH Support\Public\B2\Data\nhung\LEADTIME B2\LEADTIME UPH SUPPORT'
   at System.IO.Enumeration.FileSystemEnumerator`1.Init()
   at System.IO.Enumeration.FileSystemEnumerableFactory.UserFiles(String directory, String expression, EnumerationOptions options)
   at FileHelpers.FindLatestScheduleFile(DateTime targetDate, String schedulePath) in C:\Users\logtran\OneDrive - Ashley Furniture Industries, Inc\1. Project\logtran\1. Project\CI Project\4.OrderTrackingWeb\Program.cs:line 4799
   at As400ScanPollingService.PollOnceAsync(IServiceScope scope, CancellationToken token) in C:\Users\logtran\OneDrive - Ashley Furniture Industries, Inc\1. Project\logtran\1. Project\CI Project\4.OrderTrackingWeb\Program.cs:line 4483
2026-07-23 23:25:18.291 +07:00 [ERR] [AS400 Polling] Error reading schedule files.
System.IO.IOException: The network path was not found. : 'V:\UPH Support\Public\B2\Data\nhung\LEADTIME B2\LEADTIME UPH SUPPORT'
   at System.IO.Enumeration.FileSystemEnumerator`1.Init()
   at System.IO.Enumeration.FileSystemEnumerableFactory.UserFiles(String directory, String expression, EnumerationOptions options)
   at FileHelpers.FindLatestScheduleFile(DateTime targetDate, String schedulePath) in C:\Users\logtran\OneDrive - Ashley Furniture Industries, Inc\1. Project\logtran\1. Project\CI Project\4.OrderTrackingWeb\Program.cs:line 4799
   at As400ScanPollingService.PollOnceAsync(IServiceScope scope, CancellationToken token) in C:\Users\logtran\OneDrive - Ashley Furniture Industries, Inc\1. Project\logtran\1. Project\CI Project\4.OrderTrackingWeb\Program.cs:line 4483
2026-07-23 23:25:28.311 +07:00 [ERR] [AS400 Polling] Error reading schedule files.
System.IO.IOException: The network path was not found. : 'V:\UPH Support\Public\B2\Data\nhung\LEADTIME B2\LEADTIME UPH SUPPORT'
   at System.IO.Enumeration.FileSystemEnumerator`1.Init()
   at System.IO.Enumeration.FileSystemEnumerableFactory.UserFiles(String directory, String expression, EnumerationOptions options)
   at FileHelpers.FindLatestScheduleFile(DateTime targetDate, String schedulePath) in C:\Users\logtran\OneDrive - Ashley Furniture Industries, Inc\1. Project\logtran\1. Project\CI Project\4.OrderTrackingWeb\Program.cs:line 4799
   at As400ScanPollingService.PollOnceAsync(IServiceScope scope, CancellationToken token) in C:\Users\logtran\OneDrive - Ashley Furniture Industries, Inc\1. Project\logtran\1. Project\CI Project\4.OrderTrackingWeb\Program.cs:line 4483
2026-07-23 23:25:38.316 +07:00 [ERR] [AS400 Polling] Error reading schedule files.
System.IO.IOException: The network path was not found. : 'V:\UPH Support\Public\B2\Data\nhung\LEADTIME B2\LEADTIME UPH SUPPORT'
   at System.IO.Enumeration.FileSystemEnumerator`1.Init()
   at System.IO.Enumeration.FileSystemEnumerableFactory.UserFiles(String directory, String expression, EnumerationOptions options)
   at FileHelpers.FindLatestScheduleFile(DateTime targetDate, String schedulePath) in C:\Users\logtran\OneDrive - Ashley Furniture Industries, Inc\1. Project\logtran\1. Project\CI Project\4.OrderTrackingWeb\Program.cs:line 4799
   at As400ScanPollingService.PollOnceAsync(IServiceScope scope, CancellationToken token) in C:\Users\logtran\OneDrive - Ashley Furniture Industries, Inc\1. Project\logtran\1. Project\CI Project\4.OrderTrackingWeb\Program.cs:line 4483
2026-07-23 23:26:41.495 +07:00 [ERR] [AS400 Polling] Error reading schedule files.
System.IO.IOException: The network path was not found. : 'V:\UPH Support\Public\B2\Data\nhung\LEADTIME B2\LEADTIME UPH SUPPORT'
   at System.IO.Enumeration.FileSystemEnumerator`1.Init()
   at System.IO.Enumeration.FileSystemEnumerableFactory.UserFiles(String directory, String expression, EnumerationOptions options)
   at FileHelpers.FindLatestScheduleFile(DateTime targetDate, String schedulePath) in C:\Users\logtran\OneDrive - Ashley Furniture Industries, Inc\1. Project\logtran\1. Project\CI Project\4.OrderTrackingWeb\Program.cs:line 4799
   at As400ScanPollingService.PollOnceAsync(IServiceScope scope, CancellationToken token) in C:\Users\logtran\OneDrive - Ashley Furniture Industries, Inc\1. Project\logtran\1. Project\CI Project\4.OrderTrackingWeb\Program.cs:line 4483
2026-07-23 23:26:51.519 +07:00 [ERR] [AS400 Polling] Error reading schedule files.
System.IO.IOException: The network path was not found. : 'V:\UPH Support\Public\B2\Data\nhung\LEADTIME B2\LEADTIME UPH SUPPORT'
   at System.IO.Enumeration.FileSystemEnumerator`1.Init()
   at System.IO.Enumeration.FileSystemEnumerableFactory.UserFiles(String directory, String expression, EnumerationOptions options)
   at FileHelpers.FindLatestScheduleFile(DateTime targetDate, String schedulePath) in C:\Users\logtran\OneDrive - Ashley Furniture Industries, Inc\1. Project\logtran\1. Project\CI Project\4.OrderTrackingWeb\Program.cs:line 4799
   at As400ScanPollingService.PollOnceAsync(IServiceScope scope, CancellationToken token) in C:\Users\logtran\OneDrive - Ashley Furniture Industries, Inc\1. Project\logtran\1. Project\CI Project\4.OrderTrackingWeb\Program.cs:line 4483
2026-07-23 23:27:01.531 +07:00 [ERR] [AS400 Polling] Error reading schedule files.
System.IO.IOException: The network path was not found. : 'V:\UPH Support\Public\B2\Data\nhung\LEADTIME B2\LEADTIME UPH SUPPORT'
   at System.IO.Enumeration.FileSystemEnumerator`1.Init()
   at System.IO.Enumeration.FileSystemEnumerableFactory.UserFiles(String directory, String expression, EnumerationOptions options)
   at FileHelpers.FindLatestScheduleFile(DateTime targetDate, String schedulePath) in C:\Users\logtran\OneDrive - Ashley Furniture Industries, Inc\1. Project\logtran\1. Project\CI Project\4.OrderTrackingWeb\Program.cs:line 4799
   at As400ScanPollingService.PollOnceAsync(IServiceScope scope, CancellationToken token) in C:\Users\logtran\OneDrive - Ashley Furniture Industries, Inc\1. Project\logtran\1. Project\CI Project\4.OrderTrackingWeb\Program.cs:line 4483
2026-07-23 23:27:32.598 +07:00 [ERR] [AS400 Polling] Error reading schedule files.
System.IO.IOException: The network path was not found. : 'V:\UPH Support\Public\B2\Data\nhung\LEADTIME B2\LEADTIME UPH SUPPORT'
   at System.IO.Enumeration.FileSystemEnumerator`1.Init()
   at System.IO.Enumeration.FileSystemEnumerableFactory.UserFiles(String directory, String expression, EnumerationOptions options)
   at FileHelpers.FindLatestScheduleFile(DateTime targetDate, String schedulePath) in C:\Users\logtran\OneDrive - Ashley Furniture Industries, Inc\1. Project\logtran\1. Project\CI Project\4.OrderTrackingWeb\Program.cs:line 4799
   at As400ScanPollingService.PollOnceAsync(IServiceScope scope, CancellationToken token) in C:\Users\logtran\OneDrive - Ashley Furniture Industries, Inc\1. Project\logtran\1. Project\CI Project\4.OrderTrackingWeb\Program.cs:line 4483
2026-07-23 23:27:42.635 +07:00 [ERR] [AS400 Polling] Error reading schedule files.
System.IO.IOException: The network path was not found. : 'V:\UPH Support\Public\B2\Data\nhung\LEADTIME B2\LEADTIME UPH SUPPORT'
   at System.IO.Enumeration.FileSystemEnumerator`1.Init()
   at System.IO.Enumeration.FileSystemEnumerableFactory.UserFiles(String directory, String expression, EnumerationOptions options)
   at FileHelpers.FindLatestScheduleFile(DateTime targetDate, String schedulePath) in C:\Users\logtran\OneDrive - Ashley Furniture Industries, Inc\1. Project\logtran\1. Project\CI Project\4.OrderTrackingWeb\Program.cs:line 4799
   at As400ScanPollingService.PollOnceAsync(IServiceScope scope, CancellationToken token) in C:\Users\logtran\OneDrive - Ashley Furniture Industries, Inc\1. Project\logtran\1. Project\CI Project\4.OrderTrackingWeb\Program.cs:line 4483
2026-07-23 23:27:52.653 +07:00 [ERR] [AS400 Polling] Error reading schedule files.
System.IO.IOException: The network path was not found. : 'V:\UPH Support\Public\B2\Data\nhung\LEADTIME B2\LEADTIME UPH SUPPORT'
   at System.IO.Enumeration.FileSystemEnumerator`1.Init()
   at System.IO.Enumeration.FileSystemEnumerableFactory.UserFiles(String directory, String expression, EnumerationOptions options)
   at FileHelpers.FindLatestScheduleFile(DateTime targetDate, String schedulePath) in C:\Users\logtran\OneDrive - Ashley Furniture Industries, Inc\1. Project\logtran\1. Project\CI Project\4.OrderTrackingWeb\Program.cs:line 4799
   at As400ScanPollingService.PollOnceAsync(IServiceScope scope, CancellationToken token) in C:\Users\logtran\OneDrive - Ashley Furniture Industries, Inc\1. Project\logtran\1. Project\CI Project\4.OrderTrackingWeb\Program.cs:line 4483
2026-07-23 23:28:23.706 +07:00 [ERR] [AS400 Polling] Error reading schedule files.
System.IO.IOException: The network path was not found. : 'V:\UPH Support\Public\B2\Data\nhung\LEADTIME B2\LEADTIME UPH SUPPORT'
   at System.IO.Enumeration.FileSystemEnumerator`1.Init()
   at System.IO.Enumeration.FileSystemEnumerableFactory.UserFiles(String directory, String expression, EnumerationOptions options)
   at FileHelpers.FindLatestScheduleFile(DateTime targetDate, String schedulePath) in C:\Users\logtran\OneDrive - Ashley Furniture Industries, Inc\1. Project\logtran\1. Project\CI Project\4.OrderTrackingWeb\Program.cs:line 4799
   at As400ScanPollingService.PollOnceAsync(IServiceScope scope, CancellationToken token) in C:\Users\logtran\OneDrive - Ashley Furniture Industries, Inc\1. Project\logtran\1. Project\CI Project\4.OrderTrackingWeb\Program.cs:line 4483
2026-07-23 23:28:33.727 +07:00 [ERR] [AS400 Polling] Error reading schedule files.
System.IO.IOException: The network path was not found. : 'V:\UPH Support\Public\B2\Data\nhung\LEADTIME B2\LEADTIME UPH SUPPORT'
   at System.IO.Enumeration.FileSystemEnumerator`1.Init()
   at System.IO.Enumeration.FileSystemEnumerableFactory.UserFiles(String directory, String expression, EnumerationOptions options)
   at FileHelpers.FindLatestScheduleFile(DateTime targetDate, String schedulePath) in C:\Users\logtran\OneDrive - Ashley Furniture Industries, Inc\1. Project\logtran\1. Project\CI Project\4.OrderTrackingWeb\Program.cs:line 4799
   at As400ScanPollingService.PollOnceAsync(IServiceScope scope, CancellationToken token) in C:\Users\logtran\OneDrive - Ashley Furniture Industries, Inc\1. Project\logtran\1. Project\CI Project\4.OrderTrackingWeb\Program.cs:line 4483
2026-07-23 23:28:43.743 +07:00 [ERR] [AS400 Polling] Error reading schedule files.
System.IO.IOException: The network path was not found. : 'V:\UPH Support\Public\B2\Data\nhung\LEADTIME B2\LEADTIME UPH SUPPORT'
   at System.IO.Enumeration.FileSystemEnumerator`1.Init()
   at System.IO.Enumeration.FileSystemEnumerableFactory.UserFiles(String directory, String expression, EnumerationOptions options)
   at FileHelpers.FindLatestScheduleFile(DateTime targetDate, String schedulePath) in C:\Users\logtran\OneDrive - Ashley Furniture Industries, Inc\1. Project\logtran\1. Project\CI Project\4.OrderTrackingWeb\Program.cs:line 4799
   at As400ScanPollingService.PollOnceAsync(IServiceScope scope, CancellationToken token) in C:\Users\logtran\OneDrive - Ashley Furniture Industries, Inc\1. Project\logtran\1. Project\CI Project\4.OrderTrackingWeb\Program.cs:line 4483
2026-07-23 23:29:14.794 +07:00 [ERR] [AS400 Polling] Error reading schedule files.
System.IO.IOException: The network path was not found. : 'V:\UPH Support\Public\B2\Data\nhung\LEADTIME B2\LEADTIME UPH SUPPORT'
   at System.IO.Enumeration.FileSystemEnumerator`1.Init()
   at System.IO.Enumeration.FileSystemEnumerableFactory.UserFiles(String directory, String expression, EnumerationOptions options)
   at FileHelpers.FindLatestScheduleFile(DateTime targetDate, String schedulePath) in C:\Users\logtran\OneDrive - Ashley Furniture Industries, Inc\1. Project\logtran\1. Project\CI Project\4.OrderTrackingWeb\Program.cs:line 4799
   at As400ScanPollingService.PollOnceAsync(IServiceScope scope, CancellationToken token) in C:\Users\logtran\OneDrive - Ashley Furniture Industries, Inc\1. Project\logtran\1. Project\CI Project\4.OrderTrackingWeb\Program.cs:line 4483
2026-07-23 23:29:24.821 +07:00 [ERR] [AS400 Polling] Error reading schedule files.
System.IO.IOException: The network path was not found. : 'V:\UPH Support\Public\B2\Data\nhung\LEADTIME B2\LEADTIME UPH SUPPORT'
   at System.IO.Enumeration.FileSystemEnumerator`1.Init()
   at System.IO.Enumeration.FileSystemEnumerableFactory.UserFiles(String directory, String expression, EnumerationOptions options)
   at FileHelpers.FindLatestScheduleFile(DateTime targetDate, String schedulePath) in C:\Users\logtran\OneDrive - Ashley Furniture Industries, Inc\1. Project\logtran\1. Project\CI Project\4.OrderTrackingWeb\Program.cs:line 4799
   at As400ScanPollingService.PollOnceAsync(IServiceScope scope, CancellationToken token) in C:\Users\logtran\OneDrive - Ashley Furniture Industries, Inc\1. Project\logtran\1. Project\CI Project\4.OrderTrackingWeb\Program.cs:line 4483
2026-07-23 23:29:34.847 +07:00 [ERR] [AS400 Polling] Error reading schedule files.
System.IO.IOException: The network path was not found. : 'V:\UPH Support\Public\B2\Data\nhung\LEADTIME B2\LEADTIME UPH SUPPORT'
   at System.IO.Enumeration.FileSystemEnumerator`1.Init()
   at System.IO.Enumeration.FileSystemEnumerableFactory.UserFiles(String directory, String expression, EnumerationOptions options)
   at FileHelpers.FindLatestScheduleFile(DateTime targetDate, String schedulePath) in C:\Users\logtran\OneDrive - Ashley Furniture Industries, Inc\1. Project\logtran\1. Project\CI Project\4.OrderTrackingWeb\Program.cs:line 4799
   at As400ScanPollingService.PollOnceAsync(IServiceScope scope, CancellationToken token) in C:\Users\logtran\OneDrive - Ashley Furniture Industries, Inc\1. Project\logtran\1. Project\CI Project\4.OrderTrackingWeb\Program.cs:line 4483
2026-07-23 23:30:05.929 +07:00 [ERR] [AS400 Polling] Error reading schedule files.
System.IO.IOException: The network path was not found. : 'V:\UPH Support\Public\B2\Data\nhung\LEADTIME B2\LEADTIME UPH SUPPORT'
   at System.IO.Enumeration.FileSystemEnumerator`1.Init()
   at System.IO.Enumeration.FileSystemEnumerableFactory.UserFiles(String directory, String expression, EnumerationOptions options)
   at FileHelpers.FindLatestScheduleFile(DateTime targetDate, String schedulePath) in C:\Users\logtran\OneDrive - Ashley Furniture Industries, Inc\1. Project\logtran\1. Project\CI Project\4.OrderTrackingWeb\Program.cs:line 4799
   at As400ScanPollingService.PollOnceAsync(IServiceScope scope, CancellationToken token) in C:\Users\logtran\OneDrive - Ashley Furniture Industries, Inc\1. Project\logtran\1. Project\CI Project\4.OrderTrackingWeb\Program.cs:line 4483
2026-07-23 23:30:15.944 +07:00 [ERR] [AS400 Polling] Error reading schedule files.
System.IO.IOException: The network path was not found. : 'V:\UPH Support\Public\B2\Data\nhung\LEADTIME B2\LEADTIME UPH SUPPORT'
   at System.IO.Enumeration.FileSystemEnumerator`1.Init()
   at System.IO.Enumeration.FileSystemEnumerableFactory.UserFiles(String directory, String expression, EnumerationOptions options)
   at FileHelpers.FindLatestScheduleFile(DateTime targetDate, String schedulePath) in C:\Users\logtran\OneDrive - Ashley Furniture Industries, Inc\1. Project\logtran\1. Project\CI Project\4.OrderTrackingWeb\Program.cs:line 4799
   at As400ScanPollingService.PollOnceAsync(IServiceScope scope, CancellationToken token) in C:\Users\logtran\OneDrive - Ashley Furniture Industries, Inc\1. Project\logtran\1. Project\CI Project\4.OrderTrackingWeb\Program.cs:line 4483
2026-07-23 23:30:25.950 +07:00 [ERR] [AS400 Polling] Error reading schedule files.
System.IO.IOException: The network path was not found. : 'V:\UPH Support\Public\B2\Data\nhung\LEADTIME B2\LEADTIME UPH SUPPORT'
   at System.IO.Enumeration.FileSystemEnumerator`1.Init()
   at System.IO.Enumeration.FileSystemEnumerableFactory.UserFiles(String directory, String expression, EnumerationOptions options)
   at FileHelpers.FindLatestScheduleFile(DateTime targetDate, String schedulePath) in C:\Users\logtran\OneDrive - Ashley Furniture Industries, Inc\1. Project\logtran\1. Project\CI Project\4.OrderTrackingWeb\Program.cs:line 4799
   at As400ScanPollingService.PollOnceAsync(IServiceScope scope, CancellationToken token) in C:\Users\logtran\OneDrive - Ashley Furniture Industries, Inc\1. Project\logtran\1. Project\CI Project\4.OrderTrackingWeb\Program.cs:line 4483
2026-07-23 23:30:57.007 +07:00 [ERR] [AS400 Polling] Error reading schedule files.
System.IO.IOException: The network path was not found. : 'V:\UPH Support\Public\B2\Data\nhung\LEADTIME B2\LEADTIME UPH SUPPORT'
   at System.IO.Enumeration.FileSystemEnumerator`1.Init()
   at System.IO.Enumeration.FileSystemEnumerableFactory.UserFiles(String directory, String expression, EnumerationOptions options)
   at FileHelpers.FindLatestScheduleFile(DateTime targetDate, String schedulePath) in C:\Users\logtran\OneDrive - Ashley Furniture Industries, Inc\1. Project\logtran\1. Project\CI Project\4.OrderTrackingWeb\Program.cs:line 4799
   at As400ScanPollingService.PollOnceAsync(IServiceScope scope, CancellationToken token) in C:\Users\logtran\OneDrive - Ashley Furniture Industries, Inc\1. Project\logtran\1. Project\CI Project\4.OrderTrackingWeb\Program.cs:line 4483
2026-07-23 23:31:07.038 +07:00 [ERR] [AS400 Polling] Error reading schedule files.
System.IO.IOException: The network path was not found. : 'V:\UPH Support\Public\B2\Data\nhung\LEADTIME B2\LEADTIME UPH SUPPORT'
   at System.IO.Enumeration.FileSystemEnumerator`1.Init()
   at System.IO.Enumeration.FileSystemEnumerableFactory.UserFiles(String directory, String expression, EnumerationOptions options)
   at FileHelpers.FindLatestScheduleFile(DateTime targetDate, String schedulePath) in C:\Users\logtran\OneDrive - Ashley Furniture Industries, Inc\1. Project\logtran\1. Project\CI Project\4.OrderTrackingWeb\Program.cs:line 4799
   at As400ScanPollingService.PollOnceAsync(IServiceScope scope, CancellationToken token) in C:\Users\logtran\OneDrive - Ashley Furniture Industries, Inc\1. Project\logtran\1. Project\CI Project\4.OrderTrackingWeb\Program.cs:line 4483
2026-07-23 23:31:17.060 +07:00 [ERR] [AS400 Polling] Error reading schedule files.
System.IO.IOException: The network path was not found. : 'V:\UPH Support\Public\B2\Data\nhung\LEADTIME B2\LEADTIME UPH SUPPORT'
   at System.IO.Enumeration.FileSystemEnumerator`1.Init()
   at System.IO.Enumeration.FileSystemEnumerableFactory.UserFiles(String directory, String expression, EnumerationOptions options)
   at FileHelpers.FindLatestScheduleFile(DateTime targetDate, String schedulePath) in C:\Users\logtran\OneDrive - Ashley Furniture Industries, Inc\1. Project\logtran\1. Project\CI Project\4.OrderTrackingWeb\Program.cs:line 4799
   at As400ScanPollingService.PollOnceAsync(IServiceScope scope, CancellationToken token) in C:\Users\logtran\OneDrive - Ashley Furniture Industries, Inc\1. Project\logtran\1. Project\CI Project\4.OrderTrackingWeb\Program.cs:line 4483
2026-07-23 23:31:48.124 +07:00 [ERR] [AS400 Polling] Error reading schedule files.
System.IO.IOException: The network path was not found. : 'V:\UPH Support\Public\B2\Data\nhung\LEADTIME B2\LEADTIME UPH SUPPORT'
   at System.IO.Enumeration.FileSystemEnumerator`1.Init()
   at System.IO.Enumeration.FileSystemEnumerableFactory.UserFiles(String directory, String expression, EnumerationOptions options)
   at FileHelpers.FindLatestScheduleFile(DateTime targetDate, String schedulePath) in C:\Users\logtran\OneDrive - Ashley Furniture Industries, Inc\1. Project\logtran\1. Project\CI Project\4.OrderTrackingWeb\Program.cs:line 4799
   at As400ScanPollingService.PollOnceAsync(IServiceScope scope, CancellationToken token) in C:\Users\logtran\OneDrive - Ashley Furniture Industries, Inc\1. Project\logtran\1. Project\CI Project\4.OrderTrackingWeb\Program.cs:line 4483
2026-07-23 23:31:58.131 +07:00 [ERR] [AS400 Polling] Error reading schedule files.
System.IO.IOException: The network path was not found. : 'V:\UPH Support\Public\B2\Data\nhung\LEADTIME B2\LEADTIME UPH SUPPORT'
   at System.IO.Enumeration.FileSystemEnumerator`1.Init()
   at System.IO.Enumeration.FileSystemEnumerableFactory.UserFiles(String directory, String expression, EnumerationOptions options)
   at FileHelpers.FindLatestScheduleFile(DateTime targetDate, String schedulePath) in C:\Users\logtran\OneDrive - Ashley Furniture Industries, Inc\1. Project\logtran\1. Project\CI Project\4.OrderTrackingWeb\Program.cs:line 4799
   at As400ScanPollingService.PollOnceAsync(IServiceScope scope, CancellationToken token) in C:\Users\logtran\OneDrive - Ashley Furniture Industries, Inc\1. Project\logtran\1. Project\CI Project\4.OrderTrackingWeb\Program.cs:line 4483
2026-07-23 23:32:08.146 +07:00 [ERR] [AS400 Polling] Error reading schedule files.
System.IO.IOException: The network path was not found. : 'V:\UPH Support\Public\B2\Data\nhung\LEADTIME B2\LEADTIME UPH SUPPORT'
   at System.IO.Enumeration.FileSystemEnumerator`1.Init()
   at System.IO.Enumeration.FileSystemEnumerableFactory.UserFiles(String directory, String expression, EnumerationOptions options)
   at FileHelpers.FindLatestScheduleFile(DateTime targetDate, String schedulePath) in C:\Users\logtran\OneDrive - Ashley Furniture Industries, Inc\1. Project\logtran\1. Project\CI Project\4.OrderTrackingWeb\Program.cs:line 4799
   at As400ScanPollingService.PollOnceAsync(IServiceScope scope, CancellationToken token) in C:\Users\logtran\OneDrive - Ashley Furniture Industries, Inc\1. Project\logtran\1. Project\CI Project\4.OrderTrackingWeb\Program.cs:line 4483
2026-07-23 23:32:39.206 +07:00 [ERR] [AS400 Polling] Error reading schedule files.
System.IO.IOException: The network path was not found. : 'V:\UPH Support\Public\B2\Data\nhung\LEADTIME B2\LEADTIME UPH SUPPORT'
   at System.IO.Enumeration.FileSystemEnumerator`1.Init()
   at System.IO.Enumeration.FileSystemEnumerableFactory.UserFiles(String directory, String expression, EnumerationOptions options)
   at FileHelpers.FindLatestScheduleFile(DateTime targetDate, String schedulePath) in C:\Users\logtran\OneDrive - Ashley Furniture Industries, Inc\1. Project\logtran\1. Project\CI Project\4.OrderTrackingWeb\Program.cs:line 4799
   at As400ScanPollingService.PollOnceAsync(IServiceScope scope, CancellationToken token) in C:\Users\logtran\OneDrive - Ashley Furniture Industries, Inc\1. Project\logtran\1. Project\CI Project\4.OrderTrackingWeb\Program.cs:line 4483
2026-07-23 23:32:49.220 +07:00 [ERR] [AS400 Polling] Error reading schedule files.
System.IO.IOException: The network path was not found. : 'V:\UPH Support\Public\B2\Data\nhung\LEADTIME B2\LEADTIME UPH SUPPORT'
   at System.IO.Enumeration.FileSystemEnumerator`1.Init()
   at System.IO.Enumeration.FileSystemEnumerableFactory.UserFiles(String directory, String expression, EnumerationOptions options)
   at FileHelpers.FindLatestScheduleFile(DateTime targetDate, String schedulePath) in C:\Users\logtran\OneDrive - Ashley Furniture Industries, Inc\1. Project\logtran\1. Project\CI Project\4.OrderTrackingWeb\Program.cs:line 4799
   at As400ScanPollingService.PollOnceAsync(IServiceScope scope, CancellationToken token) in C:\Users\logtran\OneDrive - Ashley Furniture Industries, Inc\1. Project\logtran\1. Project\CI Project\4.OrderTrackingWeb\Program.cs:line 4483
2026-07-23 23:32:59.228 +07:00 [ERR] [AS400 Polling] Error reading schedule files.
System.IO.IOException: The network path was not found. : 'V:\UPH Support\Public\B2\Data\nhung\LEADTIME B2\LEADTIME UPH SUPPORT'
   at System.IO.Enumeration.FileSystemEnumerator`1.Init()
   at System.IO.Enumeration.FileSystemEnumerableFactory.UserFiles(String directory, String expression, EnumerationOptions options)
   at FileHelpers.FindLatestScheduleFile(DateTime targetDate, String schedulePath) in C:\Users\logtran\OneDrive - Ashley Furniture Industries, Inc\1. Project\logtran\1. Project\CI Project\4.OrderTrackingWeb\Program.cs:line 4799
   at As400ScanPollingService.PollOnceAsync(IServiceScope scope, CancellationToken token) in C:\Users\logtran\OneDrive - Ashley Furniture Industries, Inc\1. Project\logtran\1. Project\CI Project\4.OrderTrackingWeb\Program.cs:line 4483
2026-07-23 23:33:30.281 +07:00 [ERR] [AS400 Polling] Error reading schedule files.
System.IO.IOException: The network path was not found. : 'V:\UPH Support\Public\B2\Data\nhung\LEADTIME B2\LEADTIME UPH SUPPORT'
   at System.IO.Enumeration.FileSystemEnumerator`1.Init()
   at System.IO.Enumeration.FileSystemEnumerableFactory.UserFiles(String directory, String expression, EnumerationOptions options)
   at FileHelpers.FindLatestScheduleFile(DateTime targetDate, String schedulePath) in C:\Users\logtran\OneDrive - Ashley Furniture Industries, Inc\1. Project\logtran\1. Project\CI Project\4.OrderTrackingWeb\Program.cs:line 4799
   at As400ScanPollingService.PollOnceAsync(IServiceScope scope, CancellationToken token) in C:\Users\logtran\OneDrive - Ashley Furniture Industries, Inc\1. Project\logtran\1. Project\CI Project\4.OrderTrackingWeb\Program.cs:line 4483
2026-07-23 23:33:40.302 +07:00 [ERR] [AS400 Polling] Error reading schedule files.
System.IO.IOException: The network path was not found. : 'V:\UPH Support\Public\B2\Data\nhung\LEADTIME B2\LEADTIME UPH SUPPORT'
   at System.IO.Enumeration.FileSystemEnumerator`1.Init()
   at System.IO.Enumeration.FileSystemEnumerableFactory.UserFiles(String directory, String expression, EnumerationOptions options)
   at FileHelpers.FindLatestScheduleFile(DateTime targetDate, String schedulePath) in C:\Users\logtran\OneDrive - Ashley Furniture Industries, Inc\1. Project\logtran\1. Project\CI Project\4.OrderTrackingWeb\Program.cs:line 4799
   at As400ScanPollingService.PollOnceAsync(IServiceScope scope, CancellationToken token) in C:\Users\logtran\OneDrive - Ashley Furniture Industries, Inc\1. Project\logtran\1. Project\CI Project\4.OrderTrackingWeb\Program.cs:line 4483
2026-07-23 23:33:50.304 +07:00 [ERR] [AS400 Polling] Error reading schedule files.
System.IO.IOException: The network path was not found. : 'V:\UPH Support\Public\B2\Data\nhung\LEADTIME B2\LEADTIME UPH SUPPORT'
   at System.IO.Enumeration.FileSystemEnumerator`1.Init()
   at System.IO.Enumeration.FileSystemEnumerableFactory.UserFiles(String directory, String expression, EnumerationOptions options)
   at FileHelpers.FindLatestScheduleFile(DateTime targetDate, String schedulePath) in C:\Users\logtran\OneDrive - Ashley Furniture Industries, Inc\1. Project\logtran\1. Project\CI Project\4.OrderTrackingWeb\Program.cs:line 4799
   at As400ScanPollingService.PollOnceAsync(IServiceScope scope, CancellationToken token) in C:\Users\logtran\OneDrive - Ashley Furniture Industries, Inc\1. Project\logtran\1. Project\CI Project\4.OrderTrackingWeb\Program.cs:line 4483
2026-07-23 23:34:21.379 +07:00 [ERR] [AS400 Polling] Error reading schedule files.
System.IO.IOException: The network path was not found. : 'V:\UPH Support\Public\B2\Data\nhung\LEADTIME B2\LEADTIME UPH SUPPORT'
   at System.IO.Enumeration.FileSystemEnumerator`1.Init()
   at System.IO.Enumeration.FileSystemEnumerableFactory.UserFiles(String directory, String expression, EnumerationOptions options)
   at FileHelpers.FindLatestScheduleFile(DateTime targetDate, String schedulePath) in C:\Users\logtran\OneDrive - Ashley Furniture Industries, Inc\1. Project\logtran\1. Project\CI Project\4.OrderTrackingWeb\Program.cs:line 4799
   at As400ScanPollingService.PollOnceAsync(IServiceScope scope, CancellationToken token) in C:\Users\logtran\OneDrive - Ashley Furniture Industries, Inc\1. Project\logtran\1. Project\CI Project\4.OrderTrackingWeb\Program.cs:line 4483
2026-07-23 23:34:31.425 +07:00 [ERR] [AS400 Polling] Error reading schedule files.
System.IO.IOException: The network path was not found. : 'V:\UPH Support\Public\B2\Data\nhung\LEADTIME B2\LEADTIME UPH SUPPORT'
   at System.IO.Enumeration.FileSystemEnumerator`1.Init()
   at System.IO.Enumeration.FileSystemEnumerableFactory.UserFiles(String directory, String expression, EnumerationOptions options)
   at FileHelpers.FindLatestScheduleFile(DateTime targetDate, String schedulePath) in C:\Users\logtran\OneDrive - Ashley Furniture Industries, Inc\1. Project\logtran\1. Project\CI Project\4.OrderTrackingWeb\Program.cs:line 4799
   at As400ScanPollingService.PollOnceAsync(IServiceScope scope, CancellationToken token) in C:\Users\logtran\OneDrive - Ashley Furniture Industries, Inc\1. Project\logtran\1. Project\CI Project\4.OrderTrackingWeb\Program.cs:line 4483
2026-07-23 23:34:41.426 +07:00 [ERR] [AS400 Polling] Error reading schedule files.
System.IO.IOException: The network path was not found. : 'V:\UPH Support\Public\B2\Data\nhung\LEADTIME B2\LEADTIME UPH SUPPORT'
   at System.IO.Enumeration.FileSystemEnumerator`1.Init()
   at System.IO.Enumeration.FileSystemEnumerableFactory.UserFiles(String directory, String expression, EnumerationOptions options)
   at FileHelpers.FindLatestScheduleFile(DateTime targetDate, String schedulePath) in C:\Users\logtran\OneDrive - Ashley Furniture Industries, Inc\1. Project\logtran\1. Project\CI Project\4.OrderTrackingWeb\Program.cs:line 4799
   at As400ScanPollingService.PollOnceAsync(IServiceScope scope, CancellationToken token) in C:\Users\logtran\OneDrive - Ashley Furniture Industries, Inc\1. Project\logtran\1. Project\CI Project\4.OrderTrackingWeb\Program.cs:line 4483
2026-07-23 23:35:12.485 +07:00 [ERR] [AS400 Polling] Error reading schedule files.
System.IO.IOException: The network path was not found. : 'V:\UPH Support\Public\B2\Data\nhung\LEADTIME B2\LEADTIME UPH SUPPORT'
   at System.IO.Enumeration.FileSystemEnumerator`1.Init()
   at System.IO.Enumeration.FileSystemEnumerableFactory.UserFiles(String directory, String expression, EnumerationOptions options)
   at FileHelpers.FindLatestScheduleFile(DateTime targetDate, String schedulePath) in C:\Users\logtran\OneDrive - Ashley Furniture Industries, Inc\1. Project\logtran\1. Project\CI Project\4.OrderTrackingWeb\Program.cs:line 4799
   at As400ScanPollingService.PollOnceAsync(IServiceScope scope, CancellationToken token) in C:\Users\logtran\OneDrive - Ashley Furniture Industries, Inc\1. Project\logtran\1. Project\CI Project\4.OrderTrackingWeb\Program.cs:line 4483
2026-07-23 23:35:22.500 +07:00 [ERR] [AS400 Polling] Error reading schedule files.
System.IO.IOException: The network path was not found. : 'V:\UPH Support\Public\B2\Data\nhung\LEADTIME B2\LEADTIME UPH SUPPORT'
   at System.IO.Enumeration.FileSystemEnumerator`1.Init()
   at System.IO.Enumeration.FileSystemEnumerableFactory.UserFiles(String directory, String expression, EnumerationOptions options)
   at FileHelpers.FindLatestScheduleFile(DateTime targetDate, String schedulePath) in C:\Users\logtran\OneDrive - Ashley Furniture Industries, Inc\1. Project\logtran\1. Project\CI Project\4.OrderTrackingWeb\Program.cs:line 4799
   at As400ScanPollingService.PollOnceAsync(IServiceScope scope, CancellationToken token) in C:\Users\logtran\OneDrive - Ashley Furniture Industries, Inc\1. Project\logtran\1. Project\CI Project\4.OrderTrackingWeb\Program.cs:line 4483
2026-07-23 23:35:32.518 +07:00 [ERR] [AS400 Polling] Error reading schedule files.
System.IO.IOException: The network path was not found. : 'V:\UPH Support\Public\B2\Data\nhung\LEADTIME B2\LEADTIME UPH SUPPORT'
   at System.IO.Enumeration.FileSystemEnumerator`1.Init()
   at System.IO.Enumeration.FileSystemEnumerableFactory.UserFiles(String directory, String expression, EnumerationOptions options)
   at FileHelpers.FindLatestScheduleFile(DateTime targetDate, String schedulePath) in C:\Users\logtran\OneDrive - Ashley Furniture Industries, Inc\1. Project\logtran\1. Project\CI Project\4.OrderTrackingWeb\Program.cs:line 4799
   at As400ScanPollingService.PollOnceAsync(IServiceScope scope, CancellationToken token) in C:\Users\logtran\OneDrive - Ashley Furniture Industries, Inc\1. Project\logtran\1. Project\CI Project\4.OrderTrackingWeb\Program.cs:line 4483
2026-07-23 23:36:03.571 +07:00 [ERR] [AS400 Polling] Error reading schedule files.
System.IO.IOException: The network path was not found. : 'V:\UPH Support\Public\B2\Data\nhung\LEADTIME B2\LEADTIME UPH SUPPORT'
   at System.IO.Enumeration.FileSystemEnumerator`1.Init()
   at System.IO.Enumeration.FileSystemEnumerableFactory.UserFiles(String directory, String expression, EnumerationOptions options)
   at FileHelpers.FindLatestScheduleFile(DateTime targetDate, String schedulePath) in C:\Users\logtran\OneDrive - Ashley Furniture Industries, Inc\1. Project\logtran\1. Project\CI Project\4.OrderTrackingWeb\Program.cs:line 4799
   at As400ScanPollingService.PollOnceAsync(IServiceScope scope, CancellationToken token) in C:\Users\logtran\OneDrive - Ashley Furniture Industries, Inc\1. Project\logtran\1. Project\CI Project\4.OrderTrackingWeb\Program.cs:line 4483
2026-07-23 23:36:13.582 +07:00 [ERR] [AS400 Polling] Error reading schedule files.
System.IO.IOException: The network path was not found. : 'V:\UPH Support\Public\B2\Data\nhung\LEADTIME B2\LEADTIME UPH SUPPORT'
   at System.IO.Enumeration.FileSystemEnumerator`1.Init()
   at System.IO.Enumeration.FileSystemEnumerableFactory.UserFiles(String directory, String expression, EnumerationOptions options)
   at FileHelpers.FindLatestScheduleFile(DateTime targetDate, String schedulePath) in C:\Users\logtran\OneDrive - Ashley Furniture Industries, Inc\1. Project\logtran\1. Project\CI Project\4.OrderTrackingWeb\Program.cs:line 4799
   at As400ScanPollingService.PollOnceAsync(IServiceScope scope, CancellationToken token) in C:\Users\logtran\OneDrive - Ashley Furniture Industries, Inc\1. Project\logtran\1. Project\CI Project\4.OrderTrackingWeb\Program.cs:line 4483
2026-07-23 23:36:23.595 +07:00 [ERR] [AS400 Polling] Error reading schedule files.
System.IO.IOException: The network path was not found. : 'V:\UPH Support\Public\B2\Data\nhung\LEADTIME B2\LEADTIME UPH SUPPORT'
   at System.IO.Enumeration.FileSystemEnumerator`1.Init()
   at System.IO.Enumeration.FileSystemEnumerableFactory.UserFiles(String directory, String expression, EnumerationOptions options)
   at FileHelpers.FindLatestScheduleFile(DateTime targetDate, String schedulePath) in C:\Users\logtran\OneDrive - Ashley Furniture Industries, Inc\1. Project\logtran\1. Project\CI Project\4.OrderTrackingWeb\Program.cs:line 4799
   at As400ScanPollingService.PollOnceAsync(IServiceScope scope, CancellationToken token) in C:\Users\logtran\OneDrive - Ashley Furniture Industries, Inc\1. Project\logtran\1. Project\CI Project\4.OrderTrackingWeb\Program.cs:line 4483
2026-07-23 23:36:54.632 +07:00 [ERR] [AS400 Polling] Error reading schedule files.
System.IO.IOException: The network path was not found. : 'V:\UPH Support\Public\B2\Data\nhung\LEADTIME B2\LEADTIME UPH SUPPORT'
   at System.IO.Enumeration.FileSystemEnumerator`1.Init()
   at System.IO.Enumeration.FileSystemEnumerableFactory.UserFiles(String directory, String expression, EnumerationOptions options)
   at FileHelpers.FindLatestScheduleFile(DateTime targetDate, String schedulePath) in C:\Users\logtran\OneDrive - Ashley Furniture Industries, Inc\1. Project\logtran\1. Project\CI Project\4.OrderTrackingWeb\Program.cs:line 4799
   at As400ScanPollingService.PollOnceAsync(IServiceScope scope, CancellationToken token) in C:\Users\logtran\OneDrive - Ashley Furniture Industries, Inc\1. Project\logtran\1. Project\CI Project\4.OrderTrackingWeb\Program.cs:line 4483
2026-07-23 23:37:04.652 +07:00 [ERR] [AS400 Polling] Error reading schedule files.
System.IO.IOException: The network path was not found. : 'V:\UPH Support\Public\B2\Data\nhung\LEADTIME B2\LEADTIME UPH SUPPORT'
   at System.IO.Enumeration.FileSystemEnumerator`1.Init()
   at System.IO.Enumeration.FileSystemEnumerableFactory.UserFiles(String directory, String expression, EnumerationOptions options)
   at FileHelpers.FindLatestScheduleFile(DateTime targetDate, String schedulePath) in C:\Users\logtran\OneDrive - Ashley Furniture Industries, Inc\1. Project\logtran\1. Project\CI Project\4.OrderTrackingWeb\Program.cs:line 4799
   at As400ScanPollingService.PollOnceAsync(IServiceScope scope, CancellationToken token) in C:\Users\logtran\OneDrive - Ashley Furniture Industries, Inc\1. Project\logtran\1. Project\CI Project\4.OrderTrackingWeb\Program.cs:line 4483
2026-07-23 23:37:14.677 +07:00 [ERR] [AS400 Polling] Error reading schedule files.
System.IO.IOException: The network path was not found. : 'V:\UPH Support\Public\B2\Data\nhung\LEADTIME B2\LEADTIME UPH SUPPORT'
   at System.IO.Enumeration.FileSystemEnumerator`1.Init()
   at System.IO.Enumeration.FileSystemEnumerableFactory.UserFiles(String directory, String expression, EnumerationOptions options)
   at FileHelpers.FindLatestScheduleFile(DateTime targetDate, String schedulePath) in C:\Users\logtran\OneDrive - Ashley Furniture Industries, Inc\1. Project\logtran\1. Project\CI Project\4.OrderTrackingWeb\Program.cs:line 4799
   at As400ScanPollingService.PollOnceAsync(IServiceScope scope, CancellationToken token) in C:\Users\logtran\OneDrive - Ashley Furniture Industries, Inc\1. Project\logtran\1. Project\CI Project\4.OrderTrackingWeb\Program.cs:line 4483
2026-07-23 23:37:45.731 +07:00 [ERR] [AS400 Polling] Error reading schedule files.
System.IO.IOException: The network path was not found. : 'V:\UPH Support\Public\B2\Data\nhung\LEADTIME B2\LEADTIME UPH SUPPORT'
   at System.IO.Enumeration.FileSystemEnumerator`1.Init()
   at System.IO.Enumeration.FileSystemEnumerableFactory.UserFiles(String directory, String expression, EnumerationOptions options)
   at FileHelpers.FindLatestScheduleFile(DateTime targetDate, String schedulePath) in C:\Users\logtran\OneDrive - Ashley Furniture Industries, Inc\1. Project\logtran\1. Project\CI Project\4.OrderTrackingWeb\Program.cs:line 4799
   at As400ScanPollingService.PollOnceAsync(IServiceScope scope, CancellationToken token) in C:\Users\logtran\OneDrive - Ashley Furniture Industries, Inc\1. Project\logtran\1. Project\CI Project\4.OrderTrackingWeb\Program.cs:line 4483
2026-07-23 23:37:55.734 +07:00 [ERR] [AS400 Polling] Error reading schedule files.
System.IO.IOException: The network path was not found. : 'V:\UPH Support\Public\B2\Data\nhung\LEADTIME B2\LEADTIME UPH SUPPORT'
   at System.IO.Enumeration.FileSystemEnumerator`1.Init()
   at System.IO.Enumeration.FileSystemEnumerableFactory.UserFiles(String directory, String expression, EnumerationOptions options)
   at FileHelpers.FindLatestScheduleFile(DateTime targetDate, String schedulePath) in C:\Users\logtran\OneDrive - Ashley Furniture Industries, Inc\1. Project\logtran\1. Project\CI Project\4.OrderTrackingWeb\Program.cs:line 4799
   at As400ScanPollingService.PollOnceAsync(IServiceScope scope, CancellationToken token) in C:\Users\logtran\OneDrive - Ashley Furniture Industries, Inc\1. Project\logtran\1. Project\CI Project\4.OrderTrackingWeb\Program.cs:line 4483
2026-07-23 23:38:05.744 +07:00 [ERR] [AS400 Polling] Error reading schedule files.
System.IO.IOException: The network path was not found. : 'V:\UPH Support\Public\B2\Data\nhung\LEADTIME B2\LEADTIME UPH SUPPORT'
   at System.IO.Enumeration.FileSystemEnumerator`1.Init()
   at System.IO.Enumeration.FileSystemEnumerableFactory.UserFiles(String directory, String expression, EnumerationOptions options)
   at FileHelpers.FindLatestScheduleFile(DateTime targetDate, String schedulePath) in C:\Users\logtran\OneDrive - Ashley Furniture Industries, Inc\1. Project\logtran\1. Project\CI Project\4.OrderTrackingWeb\Program.cs:line 4799
   at As400ScanPollingService.PollOnceAsync(IServiceScope scope, CancellationToken token) in C:\Users\logtran\OneDrive - Ashley Furniture Industries, Inc\1. Project\logtran\1. Project\CI Project\4.OrderTrackingWeb\Program.cs:line 4483
2026-07-23 23:38:36.788 +07:00 [ERR] [AS400 Polling] Error reading schedule files.
System.IO.IOException: The network path was not found. : 'V:\UPH Support\Public\B2\Data\nhung\LEADTIME B2\LEADTIME UPH SUPPORT'
   at System.IO.Enumeration.FileSystemEnumerator`1.Init()
   at System.IO.Enumeration.FileSystemEnumerableFactory.UserFiles(String directory, String expression, EnumerationOptions options)
   at FileHelpers.FindLatestScheduleFile(DateTime targetDate, String schedulePath) in C:\Users\logtran\OneDrive - Ashley Furniture Industries, Inc\1. Project\logtran\1. Project\CI Project\4.OrderTrackingWeb\Program.cs:line 4799
   at As400ScanPollingService.PollOnceAsync(IServiceScope scope, CancellationToken token) in C:\Users\logtran\OneDrive - Ashley Furniture Industries, Inc\1. Project\logtran\1. Project\CI Project\4.OrderTrackingWeb\Program.cs:line 4483
2026-07-23 23:38:46.814 +07:00 [ERR] [AS400 Polling] Error reading schedule files.
System.IO.IOException: The network path was not found. : 'V:\UPH Support\Public\B2\Data\nhung\LEADTIME B2\LEADTIME UPH SUPPORT'
   at System.IO.Enumeration.FileSystemEnumerator`1.Init()
   at System.IO.Enumeration.FileSystemEnumerableFactory.UserFiles(String directory, String expression, EnumerationOptions options)
   at FileHelpers.FindLatestScheduleFile(DateTime targetDate, String schedulePath) in C:\Users\logtran\OneDrive - Ashley Furniture Industries, Inc\1. Project\logtran\1. Project\CI Project\4.OrderTrackingWeb\Program.cs:line 4799
   at As400ScanPollingService.PollOnceAsync(IServiceScope scope, CancellationToken token) in C:\Users\logtran\OneDrive - Ashley Furniture Industries, Inc\1. Project\logtran\1. Project\CI Project\4.OrderTrackingWeb\Program.cs:line 4483
2026-07-23 23:38:56.825 +07:00 [ERR] [AS400 Polling] Error reading schedule files.
System.IO.IOException: The network path was not found. : 'V:\UPH Support\Public\B2\Data\nhung\LEADTIME B2\LEADTIME UPH SUPPORT'
   at System.IO.Enumeration.FileSystemEnumerator`1.Init()
   at System.IO.Enumeration.FileSystemEnumerableFactory.UserFiles(String directory, String expression, EnumerationOptions options)
   at FileHelpers.FindLatestScheduleFile(DateTime targetDate, String schedulePath) in C:\Users\logtran\OneDrive - Ashley Furniture Industries, Inc\1. Project\logtran\1. Project\CI Project\4.OrderTrackingWeb\Program.cs:line 4799
   at As400ScanPollingService.PollOnceAsync(IServiceScope scope, CancellationToken token) in C:\Users\logtran\OneDrive - Ashley Furniture Industries, Inc\1. Project\logtran\1. Project\CI Project\4.OrderTrackingWeb\Program.cs:line 4483
2026-07-23 23:39:27.875 +07:00 [ERR] [AS400 Polling] Error reading schedule files.
System.IO.IOException: The network path was not found. : 'V:\UPH Support\Public\B2\Data\nhung\LEADTIME B2\LEADTIME UPH SUPPORT'
   at System.IO.Enumeration.FileSystemEnumerator`1.Init()
   at System.IO.Enumeration.FileSystemEnumerableFactory.UserFiles(String directory, String expression, EnumerationOptions options)
   at FileHelpers.FindLatestScheduleFile(DateTime targetDate, String schedulePath) in C:\Users\logtran\OneDrive - Ashley Furniture Industries, Inc\1. Project\logtran\1. Project\CI Project\4.OrderTrackingWeb\Program.cs:line 4799
   at As400ScanPollingService.PollOnceAsync(IServiceScope scope, CancellationToken token) in C:\Users\logtran\OneDrive - Ashley Furniture Industries, Inc\1. Project\logtran\1. Project\CI Project\4.OrderTrackingWeb\Program.cs:line 4483
2026-07-23 23:39:37.876 +07:00 [ERR] [AS400 Polling] Error reading schedule files.
System.IO.IOException: The network path was not found. : 'V:\UPH Support\Public\B2\Data\nhung\LEADTIME B2\LEADTIME UPH SUPPORT'
   at System.IO.Enumeration.FileSystemEnumerator`1.Init()
   at System.IO.Enumeration.FileSystemEnumerableFactory.UserFiles(String directory, String expression, EnumerationOptions options)
   at FileHelpers.FindLatestScheduleFile(DateTime targetDate, String schedulePath) in C:\Users\logtran\OneDrive - Ashley Furniture Industries, Inc\1. Project\logtran\1. Project\CI Project\4.OrderTrackingWeb\Program.cs:line 4799
   at As400ScanPollingService.PollOnceAsync(IServiceScope scope, CancellationToken token) in C:\Users\logtran\OneDrive - Ashley Furniture Industries, Inc\1. Project\logtran\1. Project\CI Project\4.OrderTrackingWeb\Program.cs:line 4483
2026-07-23 23:39:47.888 +07:00 [ERR] [AS400 Polling] Error reading schedule files.
System.IO.IOException: The network path was not found. : 'V:\UPH Support\Public\B2\Data\nhung\LEADTIME B2\LEADTIME UPH SUPPORT'
   at System.IO.Enumeration.FileSystemEnumerator`1.Init()
   at System.IO.Enumeration.FileSystemEnumerableFactory.UserFiles(String directory, String expression, EnumerationOptions options)
   at FileHelpers.FindLatestScheduleFile(DateTime targetDate, String schedulePath) in C:\Users\logtran\OneDrive - Ashley Furniture Industries, Inc\1. Project\logtran\1. Project\CI Project\4.OrderTrackingWeb\Program.cs:line 4799
   at As400ScanPollingService.PollOnceAsync(IServiceScope scope, CancellationToken token) in C:\Users\logtran\OneDrive - Ashley Furniture Industries, Inc\1. Project\logtran\1. Project\CI Project\4.OrderTrackingWeb\Program.cs:line 4483
2026-07-23 23:40:18.948 +07:00 [ERR] [AS400 Polling] Error reading schedule files.
System.IO.IOException: The network path was not found. : 'V:\UPH Support\Public\B2\Data\nhung\LEADTIME B2\LEADTIME UPH SUPPORT'
   at System.IO.Enumeration.FileSystemEnumerator`1.Init()
   at System.IO.Enumeration.FileSystemEnumerableFactory.UserFiles(String directory, String expression, EnumerationOptions options)
   at FileHelpers.FindLatestScheduleFile(DateTime targetDate, String schedulePath) in C:\Users\logtran\OneDrive - Ashley Furniture Industries, Inc\1. Project\logtran\1. Project\CI Project\4.OrderTrackingWeb\Program.cs:line 4799
   at As400ScanPollingService.PollOnceAsync(IServiceScope scope, CancellationToken token) in C:\Users\logtran\OneDrive - Ashley Furniture Industries, Inc\1. Project\logtran\1. Project\CI Project\4.OrderTrackingWeb\Program.cs:line 4483
2026-07-23 23:40:28.960 +07:00 [ERR] [AS400 Polling] Error reading schedule files.
System.IO.IOException: The network path was not found. : 'V:\UPH Support\Public\B2\Data\nhung\LEADTIME B2\LEADTIME UPH SUPPORT'
   at System.IO.Enumeration.FileSystemEnumerator`1.Init()
   at System.IO.Enumeration.FileSystemEnumerableFactory.UserFiles(String directory, String expression, EnumerationOptions options)
   at FileHelpers.FindLatestScheduleFile(DateTime targetDate, String schedulePath) in C:\Users\logtran\OneDrive - Ashley Furniture Industries, Inc\1. Project\logtran\1. Project\CI Project\4.OrderTrackingWeb\Program.cs:line 4799
   at As400ScanPollingService.PollOnceAsync(IServiceScope scope, CancellationToken token) in C:\Users\logtran\OneDrive - Ashley Furniture Industries, Inc\1. Project\logtran\1. Project\CI Project\4.OrderTrackingWeb\Program.cs:line 4483
2026-07-23 23:40:38.972 +07:00 [ERR] [AS400 Polling] Error reading schedule files.
System.IO.IOException: The network path was not found. : 'V:\UPH Support\Public\B2\Data\nhung\LEADTIME B2\LEADTIME UPH SUPPORT'
   at System.IO.Enumeration.FileSystemEnumerator`1.Init()
   at System.IO.Enumeration.FileSystemEnumerableFactory.UserFiles(String directory, String expression, EnumerationOptions options)
   at FileHelpers.FindLatestScheduleFile(DateTime targetDate, String schedulePath) in C:\Users\logtran\OneDrive - Ashley Furniture Industries, Inc\1. Project\logtran\1. Project\CI Project\4.OrderTrackingWeb\Program.cs:line 4799
   at As400ScanPollingService.PollOnceAsync(IServiceScope scope, CancellationToken token) in C:\Users\logtran\OneDrive - Ashley Furniture Industries, Inc\1. Project\logtran\1. Project\CI Project\4.OrderTrackingWeb\Program.cs:line 4483
2026-07-23 23:41:10.032 +07:00 [ERR] [AS400 Polling] Error reading schedule files.
System.IO.IOException: The network path was not found. : 'V:\UPH Support\Public\B2\Data\nhung\LEADTIME B2\LEADTIME UPH SUPPORT'
   at System.IO.Enumeration.FileSystemEnumerator`1.Init()
   at System.IO.Enumeration.FileSystemEnumerableFactory.UserFiles(String directory, String expression, EnumerationOptions options)
   at FileHelpers.FindLatestScheduleFile(DateTime targetDate, String schedulePath) in C:\Users\logtran\OneDrive - Ashley Furniture Industries, Inc\1. Project\logtran\1. Project\CI Project\4.OrderTrackingWeb\Program.cs:line 4799
   at As400ScanPollingService.PollOnceAsync(IServiceScope scope, CancellationToken token) in C:\Users\logtran\OneDrive - Ashley Furniture Industries, Inc\1. Project\logtran\1. Project\CI Project\4.OrderTrackingWeb\Program.cs:line 4483
2026-07-23 23:41:20.059 +07:00 [ERR] [AS400 Polling] Error reading schedule files.
System.IO.IOException: The network path was not found. : 'V:\UPH Support\Public\B2\Data\nhung\LEADTIME B2\LEADTIME UPH SUPPORT'
   at System.IO.Enumeration.FileSystemEnumerator`1.Init()
   at System.IO.Enumeration.FileSystemEnumerableFactory.UserFiles(String directory, String expression, EnumerationOptions options)
   at FileHelpers.FindLatestScheduleFile(DateTime targetDate, String schedulePath) in C:\Users\logtran\OneDrive - Ashley Furniture Industries, Inc\1. Project\logtran\1. Project\CI Project\4.OrderTrackingWeb\Program.cs:line 4799
   at As400ScanPollingService.PollOnceAsync(IServiceScope scope, CancellationToken token) in C:\Users\logtran\OneDrive - Ashley Furniture Industries, Inc\1. Project\logtran\1. Project\CI Project\4.OrderTrackingWeb\Program.cs:line 4483
2026-07-23 23:41:30.089 +07:00 [ERR] [AS400 Polling] Error reading schedule files.
System.IO.IOException: The network path was not found. : 'V:\UPH Support\Public\B2\Data\nhung\LEADTIME B2\LEADTIME UPH SUPPORT'
   at System.IO.Enumeration.FileSystemEnumerator`1.Init()
   at System.IO.Enumeration.FileSystemEnumerableFactory.UserFiles(String directory, String expression, EnumerationOptions options)
   at FileHelpers.FindLatestScheduleFile(DateTime targetDate, String schedulePath) in C:\Users\logtran\OneDrive - Ashley Furniture Industries, Inc\1. Project\logtran\1. Project\CI Project\4.OrderTrackingWeb\Program.cs:line 4799
   at As400ScanPollingService.PollOnceAsync(IServiceScope scope, CancellationToken token) in C:\Users\logtran\OneDrive - Ashley Furniture Industries, Inc\1. Project\logtran\1. Project\CI Project\4.OrderTrackingWeb\Program.cs:line 4483
2026-07-23 23:42:01.164 +07:00 [ERR] [AS400 Polling] Error reading schedule files.
System.IO.IOException: The network path was not found. : 'V:\UPH Support\Public\B2\Data\nhung\LEADTIME B2\LEADTIME UPH SUPPORT'
   at System.IO.Enumeration.FileSystemEnumerator`1.Init()
   at System.IO.Enumeration.FileSystemEnumerableFactory.UserFiles(String directory, String expression, EnumerationOptions options)
   at FileHelpers.FindLatestScheduleFile(DateTime targetDate, String schedulePath) in C:\Users\logtran\OneDrive - Ashley Furniture Industries, Inc\1. Project\logtran\1. Project\CI Project\4.OrderTrackingWeb\Program.cs:line 4799
   at As400ScanPollingService.PollOnceAsync(IServiceScope scope, CancellationToken token) in C:\Users\logtran\OneDrive - Ashley Furniture Industries, Inc\1. Project\logtran\1. Project\CI Project\4.OrderTrackingWeb\Program.cs:line 4483
2026-07-23 23:42:11.188 +07:00 [ERR] [AS400 Polling] Error reading schedule files.
System.IO.IOException: The network path was not found. : 'V:\UPH Support\Public\B2\Data\nhung\LEADTIME B2\LEADTIME UPH SUPPORT'
   at System.IO.Enumeration.FileSystemEnumerator`1.Init()
   at System.IO.Enumeration.FileSystemEnumerableFactory.UserFiles(String directory, String expression, EnumerationOptions options)
   at FileHelpers.FindLatestScheduleFile(DateTime targetDate, String schedulePath) in C:\Users\logtran\OneDrive - Ashley Furniture Industries, Inc\1. Project\logtran\1. Project\CI Project\4.OrderTrackingWeb\Program.cs:line 4799
   at As400ScanPollingService.PollOnceAsync(IServiceScope scope, CancellationToken token) in C:\Users\logtran\OneDrive - Ashley Furniture Industries, Inc\1. Project\logtran\1. Project\CI Project\4.OrderTrackingWeb\Program.cs:line 4483
2026-07-23 23:42:21.203 +07:00 [ERR] [AS400 Polling] Error reading schedule files.
System.IO.IOException: The network path was not found. : 'V:\UPH Support\Public\B2\Data\nhung\LEADTIME B2\LEADTIME UPH SUPPORT'
   at System.IO.Enumeration.FileSystemEnumerator`1.Init()
   at System.IO.Enumeration.FileSystemEnumerableFactory.UserFiles(String directory, String expression, EnumerationOptions options)
   at FileHelpers.FindLatestScheduleFile(DateTime targetDate, String schedulePath) in C:\Users\logtran\OneDrive - Ashley Furniture Industries, Inc\1. Project\logtran\1. Project\CI Project\4.OrderTrackingWeb\Program.cs:line 4799
   at As400ScanPollingService.PollOnceAsync(IServiceScope scope, CancellationToken token) in C:\Users\logtran\OneDrive - Ashley Furniture Industries, Inc\1. Project\logtran\1. Project\CI Project\4.OrderTrackingWeb\Program.cs:line 4483
2026-07-23 23:42:52.261 +07:00 [ERR] [AS400 Polling] Error reading schedule files.
System.IO.IOException: The network path was not found. : 'V:\UPH Support\Public\B2\Data\nhung\LEADTIME B2\LEADTIME UPH SUPPORT'
   at System.IO.Enumeration.FileSystemEnumerator`1.Init()
   at System.IO.Enumeration.FileSystemEnumerableFactory.UserFiles(String directory, String expression, EnumerationOptions options)
   at FileHelpers.FindLatestScheduleFile(DateTime targetDate, String schedulePath) in C:\Users\logtran\OneDrive - Ashley Furniture Industries, Inc\1. Project\logtran\1. Project\CI Project\4.OrderTrackingWeb\Program.cs:line 4799
   at As400ScanPollingService.PollOnceAsync(IServiceScope scope, CancellationToken token) in C:\Users\logtran\OneDrive - Ashley Furniture Industries, Inc\1. Project\logtran\1. Project\CI Project\4.OrderTrackingWeb\Program.cs:line 4483
2026-07-23 23:43:02.277 +07:00 [ERR] [AS400 Polling] Error reading schedule files.
System.IO.IOException: The network path was not found. : 'V:\UPH Support\Public\B2\Data\nhung\LEADTIME B2\LEADTIME UPH SUPPORT'
   at System.IO.Enumeration.FileSystemEnumerator`1.Init()
   at System.IO.Enumeration.FileSystemEnumerableFactory.UserFiles(String directory, String expression, EnumerationOptions options)
   at FileHelpers.FindLatestScheduleFile(DateTime targetDate, String schedulePath) in C:\Users\logtran\OneDrive - Ashley Furniture Industries, Inc\1. Project\logtran\1. Project\CI Project\4.OrderTrackingWeb\Program.cs:line 4799
   at As400ScanPollingService.PollOnceAsync(IServiceScope scope, CancellationToken token) in C:\Users\logtran\OneDrive - Ashley Furniture Industries, Inc\1. Project\logtran\1. Project\CI Project\4.OrderTrackingWeb\Program.cs:line 4483
2026-07-23 23:43:12.292 +07:00 [ERR] [AS400 Polling] Error reading schedule files.
System.IO.IOException: The network path was not found. : 'V:\UPH Support\Public\B2\Data\nhung\LEADTIME B2\LEADTIME UPH SUPPORT'
   at System.IO.Enumeration.FileSystemEnumerator`1.Init()
   at System.IO.Enumeration.FileSystemEnumerableFactory.UserFiles(String directory, String expression, EnumerationOptions options)
   at FileHelpers.FindLatestScheduleFile(DateTime targetDate, String schedulePath) in C:\Users\logtran\OneDrive - Ashley Furniture Industries, Inc\1. Project\logtran\1. Project\CI Project\4.OrderTrackingWeb\Program.cs:line 4799
   at As400ScanPollingService.PollOnceAsync(IServiceScope scope, CancellationToken token) in C:\Users\logtran\OneDrive - Ashley Furniture Industries, Inc\1. Project\logtran\1. Project\CI Project\4.OrderTrackingWeb\Program.cs:line 4483
2026-07-23 23:43:43.357 +07:00 [ERR] [AS400 Polling] Error reading schedule files.
System.IO.IOException: The network path was not found. : 'V:\UPH Support\Public\B2\Data\nhung\LEADTIME B2\LEADTIME UPH SUPPORT'
   at System.IO.Enumeration.FileSystemEnumerator`1.Init()
   at System.IO.Enumeration.FileSystemEnumerableFactory.UserFiles(String directory, String expression, EnumerationOptions options)
   at FileHelpers.FindLatestScheduleFile(DateTime targetDate, String schedulePath) in C:\Users\logtran\OneDrive - Ashley Furniture Industries, Inc\1. Project\logtran\1. Project\CI Project\4.OrderTrackingWeb\Program.cs:line 4799
   at As400ScanPollingService.PollOnceAsync(IServiceScope scope, CancellationToken token) in C:\Users\logtran\OneDrive - Ashley Furniture Industries, Inc\1. Project\logtran\1. Project\CI Project\4.OrderTrackingWeb\Program.cs:line 4483
2026-07-23 23:43:53.378 +07:00 [ERR] [AS400 Polling] Error reading schedule files.
System.IO.IOException: The network path was not found. : 'V:\UPH Support\Public\B2\Data\nhung\LEADTIME B2\LEADTIME UPH SUPPORT'
   at System.IO.Enumeration.FileSystemEnumerator`1.Init()
   at System.IO.Enumeration.FileSystemEnumerableFactory.UserFiles(String directory, String expression, EnumerationOptions options)
   at FileHelpers.FindLatestScheduleFile(DateTime targetDate, String schedulePath) in C:\Users\logtran\OneDrive - Ashley Furniture Industries, Inc\1. Project\logtran\1. Project\CI Project\4.OrderTrackingWeb\Program.cs:line 4799
   at As400ScanPollingService.PollOnceAsync(IServiceScope scope, CancellationToken token) in C:\Users\logtran\OneDrive - Ashley Furniture Industries, Inc\1. Project\logtran\1. Project\CI Project\4.OrderTrackingWeb\Program.cs:line 4483
2026-07-23 23:44:03.394 +07:00 [ERR] [AS400 Polling] Error reading schedule files.
System.IO.IOException: The network path was not found. : 'V:\UPH Support\Public\B2\Data\nhung\LEADTIME B2\LEADTIME UPH SUPPORT'
   at System.IO.Enumeration.FileSystemEnumerator`1.Init()
   at System.IO.Enumeration.FileSystemEnumerableFactory.UserFiles(String directory, String expression, EnumerationOptions options)
   at FileHelpers.FindLatestScheduleFile(DateTime targetDate, String schedulePath) in C:\Users\logtran\OneDrive - Ashley Furniture Industries, Inc\1. Project\logtran\1. Project\CI Project\4.OrderTrackingWeb\Program.cs:line 4799
   at As400ScanPollingService.PollOnceAsync(IServiceScope scope, CancellationToken token) in C:\Users\logtran\OneDrive - Ashley Furniture Industries, Inc\1. Project\logtran\1. Project\CI Project\4.OrderTrackingWeb\Program.cs:line 4483
2026-07-23 23:44:34.439 +07:00 [ERR] [AS400 Polling] Error reading schedule files.
System.IO.IOException: The network path was not found. : 'V:\UPH Support\Public\B2\Data\nhung\LEADTIME B2\LEADTIME UPH SUPPORT'
   at System.IO.Enumeration.FileSystemEnumerator`1.Init()
   at System.IO.Enumeration.FileSystemEnumerableFactory.UserFiles(String directory, String expression, EnumerationOptions options)
   at FileHelpers.FindLatestScheduleFile(DateTime targetDate, String schedulePath) in C:\Users\logtran\OneDrive - Ashley Furniture Industries, Inc\1. Project\logtran\1. Project\CI Project\4.OrderTrackingWeb\Program.cs:line 4799
   at As400ScanPollingService.PollOnceAsync(IServiceScope scope, CancellationToken token) in C:\Users\logtran\OneDrive - Ashley Furniture Industries, Inc\1. Project\logtran\1. Project\CI Project\4.OrderTrackingWeb\Program.cs:line 4483
2026-07-23 23:44:44.456 +07:00 [ERR] [AS400 Polling] Error reading schedule files.
System.IO.IOException: The network path was not found. : 'V:\UPH Support\Public\B2\Data\nhung\LEADTIME B2\LEADTIME UPH SUPPORT'
   at System.IO.Enumeration.FileSystemEnumerator`1.Init()
   at System.IO.Enumeration.FileSystemEnumerableFactory.UserFiles(String directory, String expression, EnumerationOptions options)
   at FileHelpers.FindLatestScheduleFile(DateTime targetDate, String schedulePath) in C:\Users\logtran\OneDrive - Ashley Furniture Industries, Inc\1. Project\logtran\1. Project\CI Project\4.OrderTrackingWeb\Program.cs:line 4799
   at As400ScanPollingService.PollOnceAsync(IServiceScope scope, CancellationToken token) in C:\Users\logtran\OneDrive - Ashley Furniture Industries, Inc\1. Project\logtran\1. Project\CI Project\4.OrderTrackingWeb\Program.cs:line 4483
2026-07-23 23:44:54.471 +07:00 [ERR] [AS400 Polling] Error reading schedule files.
System.IO.IOException: The network path was not found. : 'V:\UPH Support\Public\B2\Data\nhung\LEADTIME B2\LEADTIME UPH SUPPORT'
   at System.IO.Enumeration.FileSystemEnumerator`1.Init()
   at System.IO.Enumeration.FileSystemEnumerableFactory.UserFiles(String directory, String expression, EnumerationOptions options)
   at FileHelpers.FindLatestScheduleFile(DateTime targetDate, String schedulePath) in C:\Users\logtran\OneDrive - Ashley Furniture Industries, Inc\1. Project\logtran\1. Project\CI Project\4.OrderTrackingWeb\Program.cs:line 4799
   at As400ScanPollingService.PollOnceAsync(IServiceScope scope, CancellationToken token) in C:\Users\logtran\OneDrive - Ashley Furniture Industries, Inc\1. Project\logtran\1. Project\CI Project\4.OrderTrackingWeb\Program.cs:line 4483
2026-07-23 23:45:25.535 +07:00 [ERR] [AS400 Polling] Error reading schedule files.
System.IO.IOException: The network path was not found. : 'V:\UPH Support\Public\B2\Data\nhung\LEADTIME B2\LEADTIME UPH SUPPORT'
   at System.IO.Enumeration.FileSystemEnumerator`1.Init()
   at System.IO.Enumeration.FileSystemEnumerableFactory.UserFiles(String directory, String expression, EnumerationOptions options)
   at FileHelpers.FindLatestScheduleFile(DateTime targetDate, String schedulePath) in C:\Users\logtran\OneDrive - Ashley Furniture Industries, Inc\1. Project\logtran\1. Project\CI Project\4.OrderTrackingWeb\Program.cs:line 4799
   at As400ScanPollingService.PollOnceAsync(IServiceScope scope, CancellationToken token) in C:\Users\logtran\OneDrive - Ashley Furniture Industries, Inc\1. Project\logtran\1. Project\CI Project\4.OrderTrackingWeb\Program.cs:line 4483
2026-07-23 23:45:35.549 +07:00 [ERR] [AS400 Polling] Error reading schedule files.
System.IO.IOException: The network path was not found. : 'V:\UPH Support\Public\B2\Data\nhung\LEADTIME B2\LEADTIME UPH SUPPORT'
   at System.IO.Enumeration.FileSystemEnumerator`1.Init()
   at System.IO.Enumeration.FileSystemEnumerableFactory.UserFiles(String directory, String expression, EnumerationOptions options)
   at FileHelpers.FindLatestScheduleFile(DateTime targetDate, String schedulePath) in C:\Users\logtran\OneDrive - Ashley Furniture Industries, Inc\1. Project\logtran\1. Project\CI Project\4.OrderTrackingWeb\Program.cs:line 4799
   at As400ScanPollingService.PollOnceAsync(IServiceScope scope, CancellationToken token) in C:\Users\logtran\OneDrive - Ashley Furniture Industries, Inc\1. Project\logtran\1. Project\CI Project\4.OrderTrackingWeb\Program.cs:line 4483
2026-07-23 23:45:45.566 +07:00 [ERR] [AS400 Polling] Error reading schedule files.
System.IO.IOException: The network path was not found. : 'V:\UPH Support\Public\B2\Data\nhung\LEADTIME B2\LEADTIME UPH SUPPORT'
   at System.IO.Enumeration.FileSystemEnumerator`1.Init()
   at System.IO.Enumeration.FileSystemEnumerableFactory.UserFiles(String directory, String expression, EnumerationOptions options)
   at FileHelpers.FindLatestScheduleFile(DateTime targetDate, String schedulePath) in C:\Users\logtran\OneDrive - Ashley Furniture Industries, Inc\1. Project\logtran\1. Project\CI Project\4.OrderTrackingWeb\Program.cs:line 4799
   at As400ScanPollingService.PollOnceAsync(IServiceScope scope, CancellationToken token) in C:\Users\logtran\OneDrive - Ashley Furniture Industries, Inc\1. Project\logtran\1. Project\CI Project\4.OrderTrackingWeb\Program.cs:line 4483
2026-07-23 23:46:16.649 +07:00 [ERR] [AS400 Polling] Error reading schedule files.
System.IO.IOException: The network path was not found. : 'V:\UPH Support\Public\B2\Data\nhung\LEADTIME B2\LEADTIME UPH SUPPORT'
   at System.IO.Enumeration.FileSystemEnumerator`1.Init()
   at System.IO.Enumeration.FileSystemEnumerableFactory.UserFiles(String directory, String expression, EnumerationOptions options)
   at FileHelpers.FindLatestScheduleFile(DateTime targetDate, String schedulePath) in C:\Users\logtran\OneDrive - Ashley Furniture Industries, Inc\1. Project\logtran\1. Project\CI Project\4.OrderTrackingWeb\Program.cs:line 4799
   at As400ScanPollingService.PollOnceAsync(IServiceScope scope, CancellationToken token) in C:\Users\logtran\OneDrive - Ashley Furniture Industries, Inc\1. Project\logtran\1. Project\CI Project\4.OrderTrackingWeb\Program.cs:line 4483
2026-07-23 23:46:26.655 +07:00 [ERR] [AS400 Polling] Error reading schedule files.
System.IO.IOException: The network path was not found. : 'V:\UPH Support\Public\B2\Data\nhung\LEADTIME B2\LEADTIME UPH SUPPORT'
   at System.IO.Enumeration.FileSystemEnumerator`1.Init()
   at System.IO.Enumeration.FileSystemEnumerableFactory.UserFiles(String directory, String expression, EnumerationOptions options)
   at FileHelpers.FindLatestScheduleFile(DateTime targetDate, String schedulePath) in C:\Users\logtran\OneDrive - Ashley Furniture Industries, Inc\1. Project\logtran\1. Project\CI Project\4.OrderTrackingWeb\Program.cs:line 4799
   at As400ScanPollingService.PollOnceAsync(IServiceScope scope, CancellationToken token) in C:\Users\logtran\OneDrive - Ashley Furniture Industries, Inc\1. Project\logtran\1. Project\CI Project\4.OrderTrackingWeb\Program.cs:line 4483
2026-07-23 23:46:36.666 +07:00 [ERR] [AS400 Polling] Error reading schedule files.
System.IO.IOException: The network path was not found. : 'V:\UPH Support\Public\B2\Data\nhung\LEADTIME B2\LEADTIME UPH SUPPORT'
   at System.IO.Enumeration.FileSystemEnumerator`1.Init()
   at System.IO.Enumeration.FileSystemEnumerableFactory.UserFiles(String directory, String expression, EnumerationOptions options)
   at FileHelpers.FindLatestScheduleFile(DateTime targetDate, String schedulePath) in C:\Users\logtran\OneDrive - Ashley Furniture Industries, Inc\1. Project\logtran\1. Project\CI Project\4.OrderTrackingWeb\Program.cs:line 4799
   at As400ScanPollingService.PollOnceAsync(IServiceScope scope, CancellationToken token) in C:\Users\logtran\OneDrive - Ashley Furniture Industries, Inc\1. Project\logtran\1. Project\CI Project\4.OrderTrackingWeb\Program.cs:line 4483
2026-07-23 23:47:07.718 +07:00 [ERR] [AS400 Polling] Error reading schedule files.
System.IO.IOException: The network path was not found. : 'V:\UPH Support\Public\B2\Data\nhung\LEADTIME B2\LEADTIME UPH SUPPORT'
   at System.IO.Enumeration.FileSystemEnumerator`1.Init()
   at System.IO.Enumeration.FileSystemEnumerableFactory.UserFiles(String directory, String expression, EnumerationOptions options)
   at FileHelpers.FindLatestScheduleFile(DateTime targetDate, String schedulePath) in C:\Users\logtran\OneDrive - Ashley Furniture Industries, Inc\1. Project\logtran\1. Project\CI Project\4.OrderTrackingWeb\Program.cs:line 4799
   at As400ScanPollingService.PollOnceAsync(IServiceScope scope, CancellationToken token) in C:\Users\logtran\OneDrive - Ashley Furniture Industries, Inc\1. Project\logtran\1. Project\CI Project\4.OrderTrackingWeb\Program.cs:line 4483
2026-07-23 23:47:17.728 +07:00 [ERR] [AS400 Polling] Error reading schedule files.
System.IO.IOException: The network path was not found. : 'V:\UPH Support\Public\B2\Data\nhung\LEADTIME B2\LEADTIME UPH SUPPORT'
   at System.IO.Enumeration.FileSystemEnumerator`1.Init()
   at System.IO.Enumeration.FileSystemEnumerableFactory.UserFiles(String directory, String expression, EnumerationOptions options)
   at FileHelpers.FindLatestScheduleFile(DateTime targetDate, String schedulePath) in C:\Users\logtran\OneDrive - Ashley Furniture Industries, Inc\1. Project\logtran\1. Project\CI Project\4.OrderTrackingWeb\Program.cs:line 4799
   at As400ScanPollingService.PollOnceAsync(IServiceScope scope, CancellationToken token) in C:\Users\logtran\OneDrive - Ashley Furniture Industries, Inc\1. Project\logtran\1. Project\CI Project\4.OrderTrackingWeb\Program.cs:line 4483
2026-07-23 23:47:27.757 +07:00 [ERR] [AS400 Polling] Error reading schedule files.
System.IO.IOException: The network path was not found. : 'V:\UPH Support\Public\B2\Data\nhung\LEADTIME B2\LEADTIME UPH SUPPORT'
   at System.IO.Enumeration.FileSystemEnumerator`1.Init()
   at System.IO.Enumeration.FileSystemEnumerableFactory.UserFiles(String directory, String expression, EnumerationOptions options)
   at FileHelpers.FindLatestScheduleFile(DateTime targetDate, String schedulePath) in C:\Users\logtran\OneDrive - Ashley Furniture Industries, Inc\1. Project\logtran\1. Project\CI Project\4.OrderTrackingWeb\Program.cs:line 4799
   at As400ScanPollingService.PollOnceAsync(IServiceScope scope, CancellationToken token) in C:\Users\logtran\OneDrive - Ashley Furniture Industries, Inc\1. Project\logtran\1. Project\CI Project\4.OrderTrackingWeb\Program.cs:line 4483
2026-07-23 23:47:58.823 +07:00 [ERR] [AS400 Polling] Error reading schedule files.
System.IO.IOException: The network path was not found. : 'V:\UPH Support\Public\B2\Data\nhung\LEADTIME B2\LEADTIME UPH SUPPORT'
   at System.IO.Enumeration.FileSystemEnumerator`1.Init()
   at System.IO.Enumeration.FileSystemEnumerableFactory.UserFiles(String directory, String expression, EnumerationOptions options)
   at FileHelpers.FindLatestScheduleFile(DateTime targetDate, String schedulePath) in C:\Users\logtran\OneDrive - Ashley Furniture Industries, Inc\1. Project\logtran\1. Project\CI Project\4.OrderTrackingWeb\Program.cs:line 4799
   at As400ScanPollingService.PollOnceAsync(IServiceScope scope, CancellationToken token) in C:\Users\logtran\OneDrive - Ashley Furniture Industries, Inc\1. Project\logtran\1. Project\CI Project\4.OrderTrackingWeb\Program.cs:line 4483
2026-07-23 23:48:08.854 +07:00 [ERR] [AS400 Polling] Error reading schedule files.
System.IO.IOException: The network path was not found. : 'V:\UPH Support\Public\B2\Data\nhung\LEADTIME B2\LEADTIME UPH SUPPORT'
   at System.IO.Enumeration.FileSystemEnumerator`1.Init()
   at System.IO.Enumeration.FileSystemEnumerableFactory.UserFiles(String directory, String expression, EnumerationOptions options)
   at FileHelpers.FindLatestScheduleFile(DateTime targetDate, String schedulePath) in C:\Users\logtran\OneDrive - Ashley Furniture Industries, Inc\1. Project\logtran\1. Project\CI Project\4.OrderTrackingWeb\Program.cs:line 4799
   at As400ScanPollingService.PollOnceAsync(IServiceScope scope, CancellationToken token) in C:\Users\logtran\OneDrive - Ashley Furniture Industries, Inc\1. Project\logtran\1. Project\CI Project\4.OrderTrackingWeb\Program.cs:line 4483
2026-07-23 23:48:18.865 +07:00 [ERR] [AS400 Polling] Error reading schedule files.
System.IO.IOException: The network path was not found. : 'V:\UPH Support\Public\B2\Data\nhung\LEADTIME B2\LEADTIME UPH SUPPORT'
   at System.IO.Enumeration.FileSystemEnumerator`1.Init()
   at System.IO.Enumeration.FileSystemEnumerableFactory.UserFiles(String directory, String expression, EnumerationOptions options)
   at FileHelpers.FindLatestScheduleFile(DateTime targetDate, String schedulePath) in C:\Users\logtran\OneDrive - Ashley Furniture Industries, Inc\1. Project\logtran\1. Project\CI Project\4.OrderTrackingWeb\Program.cs:line 4799
   at As400ScanPollingService.PollOnceAsync(IServiceScope scope, CancellationToken token) in C:\Users\logtran\OneDrive - Ashley Furniture Industries, Inc\1. Project\logtran\1. Project\CI Project\4.OrderTrackingWeb\Program.cs:line 4483
2026-07-23 23:48:49.901 +07:00 [ERR] [AS400 Polling] Error reading schedule files.
System.IO.IOException: The network path was not found. : 'V:\UPH Support\Public\B2\Data\nhung\LEADTIME B2\LEADTIME UPH SUPPORT'
   at System.IO.Enumeration.FileSystemEnumerator`1.Init()
   at System.IO.Enumeration.FileSystemEnumerableFactory.UserFiles(String directory, String expression, EnumerationOptions options)
   at FileHelpers.FindLatestScheduleFile(DateTime targetDate, String schedulePath) in C:\Users\logtran\OneDrive - Ashley Furniture Industries, Inc\1. Project\logtran\1. Project\CI Project\4.OrderTrackingWeb\Program.cs:line 4799
   at As400ScanPollingService.PollOnceAsync(IServiceScope scope, CancellationToken token) in C:\Users\logtran\OneDrive - Ashley Furniture Industries, Inc\1. Project\logtran\1. Project\CI Project\4.OrderTrackingWeb\Program.cs:line 4483
2026-07-23 23:48:59.924 +07:00 [ERR] [AS400 Polling] Error reading schedule files.
System.IO.IOException: The network path was not found. : 'V:\UPH Support\Public\B2\Data\nhung\LEADTIME B2\LEADTIME UPH SUPPORT'
   at System.IO.Enumeration.FileSystemEnumerator`1.Init()
   at System.IO.Enumeration.FileSystemEnumerableFactory.UserFiles(String directory, String expression, EnumerationOptions options)
   at FileHelpers.FindLatestScheduleFile(DateTime targetDate, String schedulePath) in C:\Users\logtran\OneDrive - Ashley Furniture Industries, Inc\1. Project\logtran\1. Project\CI Project\4.OrderTrackingWeb\Program.cs:line 4799
   at As400ScanPollingService.PollOnceAsync(IServiceScope scope, CancellationToken token) in C:\Users\logtran\OneDrive - Ashley Furniture Industries, Inc\1. Project\logtran\1. Project\CI Project\4.OrderTrackingWeb\Program.cs:line 4483
2026-07-23 23:49:09.947 +07:00 [ERR] [AS400 Polling] Error reading schedule files.
System.IO.IOException: The network path was not found. : 'V:\UPH Support\Public\B2\Data\nhung\LEADTIME B2\LEADTIME UPH SUPPORT'
   at System.IO.Enumeration.FileSystemEnumerator`1.Init()
   at System.IO.Enumeration.FileSystemEnumerableFactory.UserFiles(String directory, String expression, EnumerationOptions options)
   at FileHelpers.FindLatestScheduleFile(DateTime targetDate, String schedulePath) in C:\Users\logtran\OneDrive - Ashley Furniture Industries, Inc\1. Project\logtran\1. Project\CI Project\4.OrderTrackingWeb\Program.cs:line 4799
   at As400ScanPollingService.PollOnceAsync(IServiceScope scope, CancellationToken token) in C:\Users\logtran\OneDrive - Ashley Furniture Industries, Inc\1. Project\logtran\1. Project\CI Project\4.OrderTrackingWeb\Program.cs:line 4483
2026-07-23 23:49:40.992 +07:00 [ERR] [AS400 Polling] Error reading schedule files.
System.IO.IOException: The network path was not found. : 'V:\UPH Support\Public\B2\Data\nhung\LEADTIME B2\LEADTIME UPH SUPPORT'
   at System.IO.Enumeration.FileSystemEnumerator`1.Init()
   at System.IO.Enumeration.FileSystemEnumerableFactory.UserFiles(String directory, String expression, EnumerationOptions options)
   at FileHelpers.FindLatestScheduleFile(DateTime targetDate, String schedulePath) in C:\Users\logtran\OneDrive - Ashley Furniture Industries, Inc\1. Project\logtran\1. Project\CI Project\4.OrderTrackingWeb\Program.cs:line 4799
   at As400ScanPollingService.PollOnceAsync(IServiceScope scope, CancellationToken token) in C:\Users\logtran\OneDrive - Ashley Furniture Industries, Inc\1. Project\logtran\1. Project\CI Project\4.OrderTrackingWeb\Program.cs:line 4483
2026-07-23 23:49:50.997 +07:00 [ERR] [AS400 Polling] Error reading schedule files.
System.IO.IOException: The network path was not found. : 'V:\UPH Support\Public\B2\Data\nhung\LEADTIME B2\LEADTIME UPH SUPPORT'
   at System.IO.Enumeration.FileSystemEnumerator`1.Init()
   at System.IO.Enumeration.FileSystemEnumerableFactory.UserFiles(String directory, String expression, EnumerationOptions options)
   at FileHelpers.FindLatestScheduleFile(DateTime targetDate, String schedulePath) in C:\Users\logtran\OneDrive - Ashley Furniture Industries, Inc\1. Project\logtran\1. Project\CI Project\4.OrderTrackingWeb\Program.cs:line 4799
   at As400ScanPollingService.PollOnceAsync(IServiceScope scope, CancellationToken token) in C:\Users\logtran\OneDrive - Ashley Furniture Industries, Inc\1. Project\logtran\1. Project\CI Project\4.OrderTrackingWeb\Program.cs:line 4483
2026-07-23 23:50:01.018 +07:00 [ERR] [AS400 Polling] Error reading schedule files.
System.IO.IOException: The network path was not found. : 'V:\UPH Support\Public\B2\Data\nhung\LEADTIME B2\LEADTIME UPH SUPPORT'
   at System.IO.Enumeration.FileSystemEnumerator`1.Init()
   at System.IO.Enumeration.FileSystemEnumerableFactory.UserFiles(String directory, String expression, EnumerationOptions options)
   at FileHelpers.FindLatestScheduleFile(DateTime targetDate, String schedulePath) in C:\Users\logtran\OneDrive - Ashley Furniture Industries, Inc\1. Project\logtran\1. Project\CI Project\4.OrderTrackingWeb\Program.cs:line 4799
   at As400ScanPollingService.PollOnceAsync(IServiceScope scope, CancellationToken token) in C:\Users\logtran\OneDrive - Ashley Furniture Industries, Inc\1. Project\logtran\1. Project\CI Project\4.OrderTrackingWeb\Program.cs:line 4483
2026-07-23 23:50:32.088 +07:00 [ERR] [AS400 Polling] Error reading schedule files.
System.IO.IOException: The network path was not found. : 'V:\UPH Support\Public\B2\Data\nhung\LEADTIME B2\LEADTIME UPH SUPPORT'
   at System.IO.Enumeration.FileSystemEnumerator`1.Init()
   at System.IO.Enumeration.FileSystemEnumerableFactory.UserFiles(String directory, String expression, EnumerationOptions options)
   at FileHelpers.FindLatestScheduleFile(DateTime targetDate, String schedulePath) in C:\Users\logtran\OneDrive - Ashley Furniture Industries, Inc\1. Project\logtran\1. Project\CI Project\4.OrderTrackingWeb\Program.cs:line 4799
   at As400ScanPollingService.PollOnceAsync(IServiceScope scope, CancellationToken token) in C:\Users\logtran\OneDrive - Ashley Furniture Industries, Inc\1. Project\logtran\1. Project\CI Project\4.OrderTrackingWeb\Program.cs:line 4483
2026-07-23 23:50:42.095 +07:00 [ERR] [AS400 Polling] Error reading schedule files.
System.IO.IOException: The network path was not found. : 'V:\UPH Support\Public\B2\Data\nhung\LEADTIME B2\LEADTIME UPH SUPPORT'
   at System.IO.Enumeration.FileSystemEnumerator`1.Init()
   at System.IO.Enumeration.FileSystemEnumerableFactory.UserFiles(String directory, String expression, EnumerationOptions options)
   at FileHelpers.FindLatestScheduleFile(DateTime targetDate, String schedulePath) in C:\Users\logtran\OneDrive - Ashley Furniture Industries, Inc\1. Project\logtran\1. Project\CI Project\4.OrderTrackingWeb\Program.cs:line 4799
   at As400ScanPollingService.PollOnceAsync(IServiceScope scope, CancellationToken token) in C:\Users\logtran\OneDrive - Ashley Furniture Industries, Inc\1. Project\logtran\1. Project\CI Project\4.OrderTrackingWeb\Program.cs:line 4483
2026-07-23 23:50:52.127 +07:00 [ERR] [AS400 Polling] Error reading schedule files.
System.IO.IOException: The network path was not found. : 'V:\UPH Support\Public\B2\Data\nhung\LEADTIME B2\LEADTIME UPH SUPPORT'
   at System.IO.Enumeration.FileSystemEnumerator`1.Init()
   at System.IO.Enumeration.FileSystemEnumerableFactory.UserFiles(String directory, String expression, EnumerationOptions options)
   at FileHelpers.FindLatestScheduleFile(DateTime targetDate, String schedulePath) in C:\Users\logtran\OneDrive - Ashley Furniture Industries, Inc\1. Project\logtran\1. Project\CI Project\4.OrderTrackingWeb\Program.cs:line 4799
   at As400ScanPollingService.PollOnceAsync(IServiceScope scope, CancellationToken token) in C:\Users\logtran\OneDrive - Ashley Furniture Industries, Inc\1. Project\logtran\1. Project\CI Project\4.OrderTrackingWeb\Program.cs:line 4483
2026-07-23 23:51:23.173 +07:00 [ERR] [AS400 Polling] Error reading schedule files.
System.IO.IOException: The network path was not found. : 'V:\UPH Support\Public\B2\Data\nhung\LEADTIME B2\LEADTIME UPH SUPPORT'
   at System.IO.Enumeration.FileSystemEnumerator`1.Init()
   at System.IO.Enumeration.FileSystemEnumerableFactory.UserFiles(String directory, String expression, EnumerationOptions options)
   at FileHelpers.FindLatestScheduleFile(DateTime targetDate, String schedulePath) in C:\Users\logtran\OneDrive - Ashley Furniture Industries, Inc\1. Project\logtran\1. Project\CI Project\4.OrderTrackingWeb\Program.cs:line 4799
   at As400ScanPollingService.PollOnceAsync(IServiceScope scope, CancellationToken token) in C:\Users\logtran\OneDrive - Ashley Furniture Industries, Inc\1. Project\logtran\1. Project\CI Project\4.OrderTrackingWeb\Program.cs:line 4483
2026-07-23 23:51:33.190 +07:00 [ERR] [AS400 Polling] Error reading schedule files.
System.IO.IOException: The network path was not found. : 'V:\UPH Support\Public\B2\Data\nhung\LEADTIME B2\LEADTIME UPH SUPPORT'
   at System.IO.Enumeration.FileSystemEnumerator`1.Init()
   at System.IO.Enumeration.FileSystemEnumerableFactory.UserFiles(String directory, String expression, EnumerationOptions options)
   at FileHelpers.FindLatestScheduleFile(DateTime targetDate, String schedulePath) in C:\Users\logtran\OneDrive - Ashley Furniture Industries, Inc\1. Project\logtran\1. Project\CI Project\4.OrderTrackingWeb\Program.cs:line 4799
   at As400ScanPollingService.PollOnceAsync(IServiceScope scope, CancellationToken token) in C:\Users\logtran\OneDrive - Ashley Furniture Industries, Inc\1. Project\logtran\1. Project\CI Project\4.OrderTrackingWeb\Program.cs:line 4483
2026-07-23 23:51:43.192 +07:00 [ERR] [AS400 Polling] Error reading schedule files.
System.IO.IOException: The network path was not found. : 'V:\UPH Support\Public\B2\Data\nhung\LEADTIME B2\LEADTIME UPH SUPPORT'
   at System.IO.Enumeration.FileSystemEnumerator`1.Init()
   at System.IO.Enumeration.FileSystemEnumerableFactory.UserFiles(String directory, String expression, EnumerationOptions options)
   at FileHelpers.FindLatestScheduleFile(DateTime targetDate, String schedulePath) in C:\Users\logtran\OneDrive - Ashley Furniture Industries, Inc\1. Project\logtran\1. Project\CI Project\4.OrderTrackingWeb\Program.cs:line 4799
   at As400ScanPollingService.PollOnceAsync(IServiceScope scope, CancellationToken token) in C:\Users\logtran\OneDrive - Ashley Furniture Industries, Inc\1. Project\logtran\1. Project\CI Project\4.OrderTrackingWeb\Program.cs:line 4483
2026-07-23 23:52:14.246 +07:00 [ERR] [AS400 Polling] Error reading schedule files.
System.IO.IOException: The network path was not found. : 'V:\UPH Support\Public\B2\Data\nhung\LEADTIME B2\LEADTIME UPH SUPPORT'
   at System.IO.Enumeration.FileSystemEnumerator`1.Init()
   at System.IO.Enumeration.FileSystemEnumerableFactory.UserFiles(String directory, String expression, EnumerationOptions options)
   at FileHelpers.FindLatestScheduleFile(DateTime targetDate, String schedulePath) in C:\Users\logtran\OneDrive - Ashley Furniture Industries, Inc\1. Project\logtran\1. Project\CI Project\4.OrderTrackingWeb\Program.cs:line 4799
   at As400ScanPollingService.PollOnceAsync(IServiceScope scope, CancellationToken token) in C:\Users\logtran\OneDrive - Ashley Furniture Industries, Inc\1. Project\logtran\1. Project\CI Project\4.OrderTrackingWeb\Program.cs:line 4483
2026-07-23 23:52:24.282 +07:00 [ERR] [AS400 Polling] Error reading schedule files.
System.IO.IOException: The network path was not found. : 'V:\UPH Support\Public\B2\Data\nhung\LEADTIME B2\LEADTIME UPH SUPPORT'
   at System.IO.Enumeration.FileSystemEnumerator`1.Init()
   at System.IO.Enumeration.FileSystemEnumerableFactory.UserFiles(String directory, String expression, EnumerationOptions options)
   at FileHelpers.FindLatestScheduleFile(DateTime targetDate, String schedulePath) in C:\Users\logtran\OneDrive - Ashley Furniture Industries, Inc\1. Project\logtran\1. Project\CI Project\4.OrderTrackingWeb\Program.cs:line 4799
   at As400ScanPollingService.PollOnceAsync(IServiceScope scope, CancellationToken token) in C:\Users\logtran\OneDrive - Ashley Furniture Industries, Inc\1. Project\logtran\1. Project\CI Project\4.OrderTrackingWeb\Program.cs:line 4483
2026-07-23 23:52:34.309 +07:00 [ERR] [AS400 Polling] Error reading schedule files.
System.IO.IOException: The network path was not found. : 'V:\UPH Support\Public\B2\Data\nhung\LEADTIME B2\LEADTIME UPH SUPPORT'
   at System.IO.Enumeration.FileSystemEnumerator`1.Init()
   at System.IO.Enumeration.FileSystemEnumerableFactory.UserFiles(String directory, String expression, EnumerationOptions options)
   at FileHelpers.FindLatestScheduleFile(DateTime targetDate, String schedulePath) in C:\Users\logtran\OneDrive - Ashley Furniture Industries, Inc\1. Project\logtran\1. Project\CI Project\4.OrderTrackingWeb\Program.cs:line 4799
   at As400ScanPollingService.PollOnceAsync(IServiceScope scope, CancellationToken token) in C:\Users\logtran\OneDrive - Ashley Furniture Industries, Inc\1. Project\logtran\1. Project\CI Project\4.OrderTrackingWeb\Program.cs:line 4483
2026-07-23 23:53:05.376 +07:00 [ERR] [AS400 Polling] Error reading schedule files.
System.IO.IOException: The network path was not found. : 'V:\UPH Support\Public\B2\Data\nhung\LEADTIME B2\LEADTIME UPH SUPPORT'
   at System.IO.Enumeration.FileSystemEnumerator`1.Init()
   at System.IO.Enumeration.FileSystemEnumerableFactory.UserFiles(String directory, String expression, EnumerationOptions options)
   at FileHelpers.FindLatestScheduleFile(DateTime targetDate, String schedulePath) in C:\Users\logtran\OneDrive - Ashley Furniture Industries, Inc\1. Project\logtran\1. Project\CI Project\4.OrderTrackingWeb\Program.cs:line 4799
   at As400ScanPollingService.PollOnceAsync(IServiceScope scope, CancellationToken token) in C:\Users\logtran\OneDrive - Ashley Furniture Industries, Inc\1. Project\logtran\1. Project\CI Project\4.OrderTrackingWeb\Program.cs:line 4483
2026-07-23 23:53:15.400 +07:00 [ERR] [AS400 Polling] Error reading schedule files.
System.IO.IOException: The network path was not found. : 'V:\UPH Support\Public\B2\Data\nhung\LEADTIME B2\LEADTIME UPH SUPPORT'
   at System.IO.Enumeration.FileSystemEnumerator`1.Init()
   at System.IO.Enumeration.FileSystemEnumerableFactory.UserFiles(String directory, String expression, EnumerationOptions options)
   at FileHelpers.FindLatestScheduleFile(DateTime targetDate, String schedulePath) in C:\Users\logtran\OneDrive - Ashley Furniture Industries, Inc\1. Project\logtran\1. Project\CI Project\4.OrderTrackingWeb\Program.cs:line 4799
   at As400ScanPollingService.PollOnceAsync(IServiceScope scope, CancellationToken token) in C:\Users\logtran\OneDrive - Ashley Furniture Industries, Inc\1. Project\logtran\1. Project\CI Project\4.OrderTrackingWeb\Program.cs:line 4483
2026-07-23 23:53:25.401 +07:00 [ERR] [AS400 Polling] Error reading schedule files.
System.IO.IOException: The network path was not found. : 'V:\UPH Support\Public\B2\Data\nhung\LEADTIME B2\LEADTIME UPH SUPPORT'
   at System.IO.Enumeration.FileSystemEnumerator`1.Init()
   at System.IO.Enumeration.FileSystemEnumerableFactory.UserFiles(String directory, String expression, EnumerationOptions options)
   at FileHelpers.FindLatestScheduleFile(DateTime targetDate, String schedulePath) in C:\Users\logtran\OneDrive - Ashley Furniture Industries, Inc\1. Project\logtran\1. Project\CI Project\4.OrderTrackingWeb\Program.cs:line 4799
   at As400ScanPollingService.PollOnceAsync(IServiceScope scope, CancellationToken token) in C:\Users\logtran\OneDrive - Ashley Furniture Industries, Inc\1. Project\logtran\1. Project\CI Project\4.OrderTrackingWeb\Program.cs:line 4483
2026-07-23 23:53:56.468 +07:00 [ERR] [AS400 Polling] Error reading schedule files.
System.IO.IOException: The network path was not found. : 'V:\UPH Support\Public\B2\Data\nhung\LEADTIME B2\LEADTIME UPH SUPPORT'
   at System.IO.Enumeration.FileSystemEnumerator`1.Init()
   at System.IO.Enumeration.FileSystemEnumerableFactory.UserFiles(String directory, String expression, EnumerationOptions options)
   at FileHelpers.FindLatestScheduleFile(DateTime targetDate, String schedulePath) in C:\Users\logtran\OneDrive - Ashley Furniture Industries, Inc\1. Project\logtran\1. Project\CI Project\4.OrderTrackingWeb\Program.cs:line 4799
   at As400ScanPollingService.PollOnceAsync(IServiceScope scope, CancellationToken token) in C:\Users\logtran\OneDrive - Ashley Furniture Industries, Inc\1. Project\logtran\1. Project\CI Project\4.OrderTrackingWeb\Program.cs:line 4483
2026-07-23 23:54:06.494 +07:00 [ERR] [AS400 Polling] Error reading schedule files.
System.IO.IOException: The network path was not found. : 'V:\UPH Support\Public\B2\Data\nhung\LEADTIME B2\LEADTIME UPH SUPPORT'
   at System.IO.Enumeration.FileSystemEnumerator`1.Init()
   at System.IO.Enumeration.FileSystemEnumerableFactory.UserFiles(String directory, String expression, EnumerationOptions options)
   at FileHelpers.FindLatestScheduleFile(DateTime targetDate, String schedulePath) in C:\Users\logtran\OneDrive - Ashley Furniture Industries, Inc\1. Project\logtran\1. Project\CI Project\4.OrderTrackingWeb\Program.cs:line 4799
   at As400ScanPollingService.PollOnceAsync(IServiceScope scope, CancellationToken token) in C:\Users\logtran\OneDrive - Ashley Furniture Industries, Inc\1. Project\logtran\1. Project\CI Project\4.OrderTrackingWeb\Program.cs:line 4483
2026-07-23 23:54:16.523 +07:00 [ERR] [AS400 Polling] Error reading schedule files.
System.IO.IOException: The network path was not found. : 'V:\UPH Support\Public\B2\Data\nhung\LEADTIME B2\LEADTIME UPH SUPPORT'
   at System.IO.Enumeration.FileSystemEnumerator`1.Init()
   at System.IO.Enumeration.FileSystemEnumerableFactory.UserFiles(String directory, String expression, EnumerationOptions options)
   at FileHelpers.FindLatestScheduleFile(DateTime targetDate, String schedulePath) in C:\Users\logtran\OneDrive - Ashley Furniture Industries, Inc\1. Project\logtran\1. Project\CI Project\4.OrderTrackingWeb\Program.cs:line 4799
   at As400ScanPollingService.PollOnceAsync(IServiceScope scope, CancellationToken token) in C:\Users\logtran\OneDrive - Ashley Furniture Industries, Inc\1. Project\logtran\1. Project\CI Project\4.OrderTrackingWeb\Program.cs:line 4483
2026-07-23 23:54:47.588 +07:00 [ERR] [AS400 Polling] Error reading schedule files.
System.IO.IOException: The network path was not found. : 'V:\UPH Support\Public\B2\Data\nhung\LEADTIME B2\LEADTIME UPH SUPPORT'
   at System.IO.Enumeration.FileSystemEnumerator`1.Init()
   at System.IO.Enumeration.FileSystemEnumerableFactory.UserFiles(String directory, String expression, EnumerationOptions options)
   at FileHelpers.FindLatestScheduleFile(DateTime targetDate, String schedulePath) in C:\Users\logtran\OneDrive - Ashley Furniture Industries, Inc\1. Project\logtran\1. Project\CI Project\4.OrderTrackingWeb\Program.cs:line 4799
   at As400ScanPollingService.PollOnceAsync(IServiceScope scope, CancellationToken token) in C:\Users\logtran\OneDrive - Ashley Furniture Industries, Inc\1. Project\logtran\1. Project\CI Project\4.OrderTrackingWeb\Program.cs:line 4483
2026-07-23 23:54:57.610 +07:00 [ERR] [AS400 Polling] Error reading schedule files.
System.IO.IOException: The network path was not found. : 'V:\UPH Support\Public\B2\Data\nhung\LEADTIME B2\LEADTIME UPH SUPPORT'
   at System.IO.Enumeration.FileSystemEnumerator`1.Init()
   at System.IO.Enumeration.FileSystemEnumerableFactory.UserFiles(String directory, String expression, EnumerationOptions options)
   at FileHelpers.FindLatestScheduleFile(DateTime targetDate, String schedulePath) in C:\Users\logtran\OneDrive - Ashley Furniture Industries, Inc\1. Project\logtran\1. Project\CI Project\4.OrderTrackingWeb\Program.cs:line 4799
   at As400ScanPollingService.PollOnceAsync(IServiceScope scope, CancellationToken token) in C:\Users\logtran\OneDrive - Ashley Furniture Industries, Inc\1. Project\logtran\1. Project\CI Project\4.OrderTrackingWeb\Program.cs:line 4483
2026-07-23 23:55:07.635 +07:00 [ERR] [AS400 Polling] Error reading schedule files.
System.IO.IOException: The network path was not found. : 'V:\UPH Support\Public\B2\Data\nhung\LEADTIME B2\LEADTIME UPH SUPPORT'
   at System.IO.Enumeration.FileSystemEnumerator`1.Init()
   at System.IO.Enumeration.FileSystemEnumerableFactory.UserFiles(String directory, String expression, EnumerationOptions options)
   at FileHelpers.FindLatestScheduleFile(DateTime targetDate, String schedulePath) in C:\Users\logtran\OneDrive - Ashley Furniture Industries, Inc\1. Project\logtran\1. Project\CI Project\4.OrderTrackingWeb\Program.cs:line 4799
   at As400ScanPollingService.PollOnceAsync(IServiceScope scope, CancellationToken token) in C:\Users\logtran\OneDrive - Ashley Furniture Industries, Inc\1. Project\logtran\1. Project\CI Project\4.OrderTrackingWeb\Program.cs:line 4483
2026-07-23 23:55:38.687 +07:00 [ERR] [AS400 Polling] Error reading schedule files.
System.IO.IOException: The network path was not found. : 'V:\UPH Support\Public\B2\Data\nhung\LEADTIME B2\LEADTIME UPH SUPPORT'
   at System.IO.Enumeration.FileSystemEnumerator`1.Init()
   at System.IO.Enumeration.FileSystemEnumerableFactory.UserFiles(String directory, String expression, EnumerationOptions options)
   at FileHelpers.FindLatestScheduleFile(DateTime targetDate, String schedulePath) in C:\Users\logtran\OneDrive - Ashley Furniture Industries, Inc\1. Project\logtran\1. Project\CI Project\4.OrderTrackingWeb\Program.cs:line 4799
   at As400ScanPollingService.PollOnceAsync(IServiceScope scope, CancellationToken token) in C:\Users\logtran\OneDrive - Ashley Furniture Industries, Inc\1. Project\logtran\1. Project\CI Project\4.OrderTrackingWeb\Program.cs:line 4483
2026-07-23 23:55:48.702 +07:00 [ERR] [AS400 Polling] Error reading schedule files.
System.IO.IOException: The network path was not found. : 'V:\UPH Support\Public\B2\Data\nhung\LEADTIME B2\LEADTIME UPH SUPPORT'
   at System.IO.Enumeration.FileSystemEnumerator`1.Init()
   at System.IO.Enumeration.FileSystemEnumerableFactory.UserFiles(String directory, String expression, EnumerationOptions options)
   at FileHelpers.FindLatestScheduleFile(DateTime targetDate, String schedulePath) in C:\Users\logtran\OneDrive - Ashley Furniture Industries, Inc\1. Project\logtran\1. Project\CI Project\4.OrderTrackingWeb\Program.cs:line 4799
   at As400ScanPollingService.PollOnceAsync(IServiceScope scope, CancellationToken token) in C:\Users\logtran\OneDrive - Ashley Furniture Industries, Inc\1. Project\logtran\1. Project\CI Project\4.OrderTrackingWeb\Program.cs:line 4483
2026-07-23 23:55:58.712 +07:00 [ERR] [AS400 Polling] Error reading schedule files.
System.IO.IOException: The network path was not found. : 'V:\UPH Support\Public\B2\Data\nhung\LEADTIME B2\LEADTIME UPH SUPPORT'
   at System.IO.Enumeration.FileSystemEnumerator`1.Init()
   at System.IO.Enumeration.FileSystemEnumerableFactory.UserFiles(String directory, String expression, EnumerationOptions options)
   at FileHelpers.FindLatestScheduleFile(DateTime targetDate, String schedulePath) in C:\Users\logtran\OneDrive - Ashley Furniture Industries, Inc\1. Project\logtran\1. Project\CI Project\4.OrderTrackingWeb\Program.cs:line 4799
   at As400ScanPollingService.PollOnceAsync(IServiceScope scope, CancellationToken token) in C:\Users\logtran\OneDrive - Ashley Furniture Industries, Inc\1. Project\logtran\1. Project\CI Project\4.OrderTrackingWeb\Program.cs:line 4483
2026-07-23 23:56:29.750 +07:00 [ERR] [AS400 Polling] Error reading schedule files.
System.IO.IOException: The network path was not found. : 'V:\UPH Support\Public\B2\Data\nhung\LEADTIME B2\LEADTIME UPH SUPPORT'
   at System.IO.Enumeration.FileSystemEnumerator`1.Init()
   at System.IO.Enumeration.FileSystemEnumerableFactory.UserFiles(String directory, String expression, EnumerationOptions options)
   at FileHelpers.FindLatestScheduleFile(DateTime targetDate, String schedulePath) in C:\Users\logtran\OneDrive - Ashley Furniture Industries, Inc\1. Project\logtran\1. Project\CI Project\4.OrderTrackingWeb\Program.cs:line 4799
   at As400ScanPollingService.PollOnceAsync(IServiceScope scope, CancellationToken token) in C:\Users\logtran\OneDrive - Ashley Furniture Industries, Inc\1. Project\logtran\1. Project\CI Project\4.OrderTrackingWeb\Program.cs:line 4483
2026-07-23 23:56:39.763 +07:00 [ERR] [AS400 Polling] Error reading schedule files.
System.IO.IOException: The network path was not found. : 'V:\UPH Support\Public\B2\Data\nhung\LEADTIME B2\LEADTIME UPH SUPPORT'
   at System.IO.Enumeration.FileSystemEnumerator`1.Init()
   at System.IO.Enumeration.FileSystemEnumerableFactory.UserFiles(String directory, String expression, EnumerationOptions options)
   at FileHelpers.FindLatestScheduleFile(DateTime targetDate, String schedulePath) in C:\Users\logtran\OneDrive - Ashley Furniture Industries, Inc\1. Project\logtran\1. Project\CI Project\4.OrderTrackingWeb\Program.cs:line 4799
   at As400ScanPollingService.PollOnceAsync(IServiceScope scope, CancellationToken token) in C:\Users\logtran\OneDrive - Ashley Furniture Industries, Inc\1. Project\logtran\1. Project\CI Project\4.OrderTrackingWeb\Program.cs:line 4483
2026-07-23 23:56:49.776 +07:00 [ERR] [AS400 Polling] Error reading schedule files.
System.IO.IOException: The network path was not found. : 'V:\UPH Support\Public\B2\Data\nhung\LEADTIME B2\LEADTIME UPH SUPPORT'
   at System.IO.Enumeration.FileSystemEnumerator`1.Init()
   at System.IO.Enumeration.FileSystemEnumerableFactory.UserFiles(String directory, String expression, EnumerationOptions options)
   at FileHelpers.FindLatestScheduleFile(DateTime targetDate, String schedulePath) in C:\Users\logtran\OneDrive - Ashley Furniture Industries, Inc\1. Project\logtran\1. Project\CI Project\4.OrderTrackingWeb\Program.cs:line 4799
   at As400ScanPollingService.PollOnceAsync(IServiceScope scope, CancellationToken token) in C:\Users\logtran\OneDrive - Ashley Furniture Industries, Inc\1. Project\logtran\1. Project\CI Project\4.OrderTrackingWeb\Program.cs:line 4483
2026-07-23 23:57:20.828 +07:00 [ERR] [AS400 Polling] Error reading schedule files.
System.IO.IOException: The network path was not found. : 'V:\UPH Support\Public\B2\Data\nhung\LEADTIME B2\LEADTIME UPH SUPPORT'
   at System.IO.Enumeration.FileSystemEnumerator`1.Init()
   at System.IO.Enumeration.FileSystemEnumerableFactory.UserFiles(String directory, String expression, EnumerationOptions options)
   at FileHelpers.FindLatestScheduleFile(DateTime targetDate, String schedulePath) in C:\Users\logtran\OneDrive - Ashley Furniture Industries, Inc\1. Project\logtran\1. Project\CI Project\4.OrderTrackingWeb\Program.cs:line 4799
   at As400ScanPollingService.PollOnceAsync(IServiceScope scope, CancellationToken token) in C:\Users\logtran\OneDrive - Ashley Furniture Industries, Inc\1. Project\logtran\1. Project\CI Project\4.OrderTrackingWeb\Program.cs:line 4483
2026-07-23 23:57:30.836 +07:00 [ERR] [AS400 Polling] Error reading schedule files.
System.IO.IOException: The network path was not found. : 'V:\UPH Support\Public\B2\Data\nhung\LEADTIME B2\LEADTIME UPH SUPPORT'
   at System.IO.Enumeration.FileSystemEnumerator`1.Init()
   at System.IO.Enumeration.FileSystemEnumerableFactory.UserFiles(String directory, String expression, EnumerationOptions options)
   at FileHelpers.FindLatestScheduleFile(DateTime targetDate, String schedulePath) in C:\Users\logtran\OneDrive - Ashley Furniture Industries, Inc\1. Project\logtran\1. Project\CI Project\4.OrderTrackingWeb\Program.cs:line 4799
   at As400ScanPollingService.PollOnceAsync(IServiceScope scope, CancellationToken token) in C:\Users\logtran\OneDrive - Ashley Furniture Industries, Inc\1. Project\logtran\1. Project\CI Project\4.OrderTrackingWeb\Program.cs:line 4483
2026-07-23 23:57:41.434 +07:00 [ERR] [AS400 Polling] Error reading schedule files.
System.IO.IOException: The network path was not found. : 'V:\UPH Support\Public\B2\Data\nhung\LEADTIME B2\LEADTIME UPH SUPPORT'
   at System.IO.Enumeration.FileSystemEnumerator`1.Init()
   at System.IO.Enumeration.FileSystemEnumerableFactory.UserFiles(String directory, String expression, EnumerationOptions options)
   at FileHelpers.FindLatestScheduleFile(DateTime targetDate, String schedulePath) in C:\Users\logtran\OneDrive - Ashley Furniture Industries, Inc\1. Project\logtran\1. Project\CI Project\4.OrderTrackingWeb\Program.cs:line 4799
   at As400ScanPollingService.PollOnceAsync(IServiceScope scope, CancellationToken token) in C:\Users\logtran\OneDrive - Ashley Furniture Industries, Inc\1. Project\logtran\1. Project\CI Project\4.OrderTrackingWeb\Program.cs:line 4483
2026-07-23 23:58:12.503 +07:00 [ERR] [AS400 Polling] Error reading schedule files.
System.IO.IOException: The network path was not found. : 'V:\UPH Support\Public\B2\Data\nhung\LEADTIME B2\LEADTIME UPH SUPPORT'
   at System.IO.Enumeration.FileSystemEnumerator`1.Init()
   at System.IO.Enumeration.FileSystemEnumerableFactory.UserFiles(String directory, String expression, EnumerationOptions options)
   at FileHelpers.FindLatestScheduleFile(DateTime targetDate, String schedulePath) in C:\Users\logtran\OneDrive - Ashley Furniture Industries, Inc\1. Project\logtran\1. Project\CI Project\4.OrderTrackingWeb\Program.cs:line 4799
   at As400ScanPollingService.PollOnceAsync(IServiceScope scope, CancellationToken token) in C:\Users\logtran\OneDrive - Ashley Furniture Industries, Inc\1. Project\logtran\1. Project\CI Project\4.OrderTrackingWeb\Program.cs:line 4483
2026-07-23 23:58:22.513 +07:00 [ERR] [AS400 Polling] Error reading schedule files.
System.IO.IOException: The network path was not found. : 'V:\UPH Support\Public\B2\Data\nhung\LEADTIME B2\LEADTIME UPH SUPPORT'
   at System.IO.Enumeration.FileSystemEnumerator`1.Init()
   at System.IO.Enumeration.FileSystemEnumerableFactory.UserFiles(String directory, String expression, EnumerationOptions options)
   at FileHelpers.FindLatestScheduleFile(DateTime targetDate, String schedulePath) in C:\Users\logtran\OneDrive - Ashley Furniture Industries, Inc\1. Project\logtran\1. Project\CI Project\4.OrderTrackingWeb\Program.cs:line 4799
   at As400ScanPollingService.PollOnceAsync(IServiceScope scope, CancellationToken token) in C:\Users\logtran\OneDrive - Ashley Furniture Industries, Inc\1. Project\logtran\1. Project\CI Project\4.OrderTrackingWeb\Program.cs:line 4483
2026-07-23 23:58:32.525 +07:00 [ERR] [AS400 Polling] Error reading schedule files.
System.IO.IOException: The network path was not found. : 'V:\UPH Support\Public\B2\Data\nhung\LEADTIME B2\LEADTIME UPH SUPPORT'
   at System.IO.Enumeration.FileSystemEnumerator`1.Init()
   at System.IO.Enumeration.FileSystemEnumerableFactory.UserFiles(String directory, String expression, EnumerationOptions options)
   at FileHelpers.FindLatestScheduleFile(DateTime targetDate, String schedulePath) in C:\Users\logtran\OneDrive - Ashley Furniture Industries, Inc\1. Project\logtran\1. Project\CI Project\4.OrderTrackingWeb\Program.cs:line 4799
   at As400ScanPollingService.PollOnceAsync(IServiceScope scope, CancellationToken token) in C:\Users\logtran\OneDrive - Ashley Furniture Industries, Inc\1. Project\logtran\1. Project\CI Project\4.OrderTrackingWeb\Program.cs:line 4483
2026-07-23 23:59:03.555 +07:00 [ERR] [AS400 Polling] Error reading schedule files.
System.IO.IOException: The network path was not found. : 'V:\UPH Support\Public\B2\Data\nhung\LEADTIME B2\LEADTIME UPH SUPPORT'
   at System.IO.Enumeration.FileSystemEnumerator`1.Init()
   at System.IO.Enumeration.FileSystemEnumerableFactory.UserFiles(String directory, String expression, EnumerationOptions options)
   at FileHelpers.FindLatestScheduleFile(DateTime targetDate, String schedulePath) in C:\Users\logtran\OneDrive - Ashley Furniture Industries, Inc\1. Project\logtran\1. Project\CI Project\4.OrderTrackingWeb\Program.cs:line 4799
   at As400ScanPollingService.PollOnceAsync(IServiceScope scope, CancellationToken token) in C:\Users\logtran\OneDrive - Ashley Furniture Industries, Inc\1. Project\logtran\1. Project\CI Project\4.OrderTrackingWeb\Program.cs:line 4483
2026-07-23 23:59:13.568 +07:00 [ERR] [AS400 Polling] Error reading schedule files.
System.IO.IOException: The network path was not found. : 'V:\UPH Support\Public\B2\Data\nhung\LEADTIME B2\LEADTIME UPH SUPPORT'
   at System.IO.Enumeration.FileSystemEnumerator`1.Init()
   at System.IO.Enumeration.FileSystemEnumerableFactory.UserFiles(String directory, String expression, EnumerationOptions options)
   at FileHelpers.FindLatestScheduleFile(DateTime targetDate, String schedulePath) in C:\Users\logtran\OneDrive - Ashley Furniture Industries, Inc\1. Project\logtran\1. Project\CI Project\4.OrderTrackingWeb\Program.cs:line 4799
   at As400ScanPollingService.PollOnceAsync(IServiceScope scope, CancellationToken token) in C:\Users\logtran\OneDrive - Ashley Furniture Industries, Inc\1. Project\logtran\1. Project\CI Project\4.OrderTrackingWeb\Program.cs:line 4483
2026-07-23 23:59:23.575 +07:00 [ERR] [AS400 Polling] Error reading schedule files.
System.IO.IOException: The network path was not found. : 'V:\UPH Support\Public\B2\Data\nhung\LEADTIME B2\LEADTIME UPH SUPPORT'
   at System.IO.Enumeration.FileSystemEnumerator`1.Init()
   at System.IO.Enumeration.FileSystemEnumerableFactory.UserFiles(String directory, String expression, EnumerationOptions options)
   at FileHelpers.FindLatestScheduleFile(DateTime targetDate, String schedulePath) in C:\Users\logtran\OneDrive - Ashley Furniture Industries, Inc\1. Project\logtran\1. Project\CI Project\4.OrderTrackingWeb\Program.cs:line 4799
   at As400ScanPollingService.PollOnceAsync(IServiceScope scope, CancellationToken token) in C:\Users\logtran\OneDrive - Ashley Furniture Industries, Inc\1. Project\logtran\1. Project\CI Project\4.OrderTrackingWeb\Program.cs:line 4483
2026-07-23 23:59:54.639 +07:00 [ERR] [AS400 Polling] Error reading schedule files.
System.IO.IOException: The network path was not found. : 'V:\UPH Support\Public\B2\Data\nhung\LEADTIME B2\LEADTIME UPH SUPPORT'
   at System.IO.Enumeration.FileSystemEnumerator`1.Init()
   at System.IO.Enumeration.FileSystemEnumerableFactory.UserFiles(String directory, String expression, EnumerationOptions options)
   at FileHelpers.FindLatestScheduleFile(DateTime targetDate, String schedulePath) in C:\Users\logtran\OneDrive - Ashley Furniture Industries, Inc\1. Project\logtran\1. Project\CI Project\4.OrderTrackingWeb\Program.cs:line 4799
   at As400ScanPollingService.PollOnceAsync(IServiceScope scope, CancellationToken token) in C:\Users\logtran\OneDrive - Ashley Furniture Industries, Inc\1. Project\logtran\1. Project\CI Project\4.OrderTrackingWeb\Program.cs:line 4483
